content,link
大家好，我是屈原，哈哈哈哈哈哈哈哈哈哈哈哈哈哈哈哈哈哈哈哈哈哈哈哈哈哈哈，咳咳，没没没错，我就是屈原，当年我牺牲自己，为你们争取三天假期，你们是不是应该表示一下?每个姐夫给我一分钱就好，谢谢大家,http://www.budejie.com/detail-28147488.html
"“是不是要放假了？”
“放什么假？”
“五一放假啊！”
“五一我本来就有两天双休日我放什么假？”
“不是还有一天假吗？”
“还有一天我是用周六换的我放什么假？”",http://www.budejie.com/detail-27766912.html
当一个人不爱你的时候。你的撒娇就是作。你的吃醋就是小心眼。你的想念就是打扰。你的关心就是闲得慌。,http://www.budejie.com/detail-27711493.html
为什么中医理论里面，凡是天然的食物都有所谓的“功效”，就没有一种吃下去只是单纯的会饱的东西吗？,http://www.budejie.com/detail-27712445.html
"我们能从游戏中学到什么？
英雄联盟：你一个人靠谱能做的很好，但一群人靠谱才能走的更远。
阴阳师：你永远不知道运气什么时候会砸向你。
魔兽世界：能陪你走过十二年的，不止朋友，还有艾泽拉斯。
贪吃蛇大作战：长大的我们渐渐失去了横冲直撞的勇气。
纪念碑谷：面对困难多转几个弯，总会遇见柳暗花明。
守望先锋：生活中并不缺少美，只是确实发现美的眼睛，热火朝天的战场中也有靓丽的风景。
愤怒的小鸟：失败时总有一群猪在嘲笑你，而他们不知道有再来一次。
俄罗斯方块：犯下的错误会积累，而成功会消失。
王者荣耀：垃圾游戏！",http://www.budejie.com/detail-27651112.html
本人姓项，设计院工程师一名，你们能体会公司各个美女都叫我项工的感觉么？ 特别是大办公室：项工，你来一下。靠，每次听的我都脸红。,http://www.budejie.com/detail-27699759.html
恋爱时，我爸一直不同意我跟老公的恋情，直到老公第一次进门拜访，脱了鞋子，我爸憋了口气说:小伙子，就冲这个味跟我闺女是一样的，人你领走吧！……,http://www.budejie.com/detail-27688365.html
告诉大家一个增肥秘方，一日三餐要吃到撑，要保证身边随时能吃到零食，薯片，虾条，巧克力等等……喝的水永远都是碳酸饮料可乐雪碧百事之类的……绝不喝白开水，睡前一定要吃夜宵吃到饱，羊肉串烤鸡翅鸡腿等等，因为我曾经就是这么胖起来的。,http://www.budejie.com/detail-27652240.html
"读书的时候，去军训同学们都害怕站军姿，天气已经很热了，经常有人晕倒！
一天，班主任来了，教官告诉班主任，我站军姿是表现最好的，一动不动，从未晕倒过。
班主任却指着我，对教官说:  那是他，上课罚站练出来的！……",http://www.budejie.com/detail-27679078.html
记得第一次去女朋友家，未来老丈人备了一箱啤酒。我想老丈人爱喝那必须陪着喝啊，于是爷俩一日三餐一人一瓶。我不善酒，特别不习惯早上和中午喝酒。到第三天我告饶说：叔，要不咱少喝两顿？老丈人说：好好，我也觉得喝得不舒服，以为你爱喝就陪你了。这句话想起来就觉得温馨，为热情而朴实的老丈人求赞。,http://www.budejie.com/detail-27660221.html
女生眼中的男生：长得一般的叫帅哥，长得好看的叫小哥哥，长得超帅的叫老公。,http://www.budejie.com/detail-27395794.html
无意中看到女友跟别人的聊天记录：大爷，常来家里玩呀。瞬间脑补出女友出轨我被绿了他们居然在家里那啥也不怕被我发现巴拉巴拉一大串……回过神来接着看，对方回复：好的大侄女,http://www.budejie.com/detail-27383539.html
记得有次假期回家的火车上，看到有个女孩侧卧在男孩腿上睡着了。窗外太阳挺大，帘子也不能完全挡住，然后男孩就悬着手掌帮女孩遮挡照在脸上的阳光。这个姿势维持了很久，直到那个女孩醒来后看到哭了，抽泣着问：你是不是想打我很久了？,http://www.budejie.com/detail-27387799.html
他暗恋她很久了，她也喜欢他。每次上晚自习，他总是看着她，可她却把头转过去看着窗外。有天他问她：“你知道我每天晚自习都在看你吗？”“嗯！”“那你为何还把头转过去？”“因为在玻璃里面我可以不害羞的看着你。”,http://www.budejie.com/detail-27386897.html
年近30的堂弟被大伯狠狠地揍了一顿！问其原因，原来是其家人给他安排了一场相亲，见面时女方对他印象不错羞涩地说：“我不介意你没有房，没有车，没有存款，只要你对我好就行！” 结果这货来了句：“你肚子里有赠品吗？”,http://www.budejie.com/detail-27383598.html
地铁上，看见一个女生穿着性感，非常漂亮，以至于令我有了非分之想。于是，经过激烈的思想斗争，我终于鼓起勇气，大胆地想了起来。,http://www.budejie.com/detail-27379083.html
当年高三我们班有一个哥们，白天睡觉，晚上自学，成绩一直前三名......结果高考的时候睡着了,http://www.budejie.com/detail-27377288.html
号称绝不结婚的男同学，孩子都会打酱油了，我们都很好奇是什么样的姑娘降服了他。他回忆了当年求婚的场景：“当时女友过生日，她吃蛋糕时突然吃到一枚钻戒，随即害羞地对我说：‘我愿意嫁给你。’后来我们就结婚了。”我们表示真浪漫，他叹息道：“是啊，即便是我，也无法拒绝一个自己掏钱买戒指藏在蛋糕里的女孩……”,http://www.budejie.com/detail-27374870.html
下雪了，出门见一大爷摔倒，我过去问：“大爷，我一月工资不到2千块，能扶您起来么？” 大爷：“小伙子，你走吧，我再等一会儿”。 我被感动的赶紧说：“大爷，那边有个法拉利就快过来了”。 大爷也激动说：“你这后生还算实在，干脆别走给我做个证人，完事给你买辆车上班开……” 天气虽冷，大爷的话却是暖暖的，满满的都是正能量。。。,http://www.budejie.com/detail-27374223.html
去叔叔店里帮忙，有客人结账，给我140块。客人很关心的说:小姑娘你看下一百的哈，别假了。我接过钱，很认真的看了一下确定真钱，才让他走。过了一会找别人钱，我才发现那两张20元是假的。。。,http://www.budejie.com/detail-27365924.html
这段话说的太好了！“嘴不饶人心地善，心不饶人嘴上甜；心善之人敢直言，嘴甜之人藏谜奸；宁交一帮抬杠的鬼，不结一群嘴甜的贼。”,http://www.budejie.com/detail-29081227.html
哥们的婚宴上，他两个壮得像小牛犊子似的小舅子是这样对他说的：你要是敢欺负我姐，我们哥俩可饶不了你！哥们连忙赔笑：把心放肚子里吧，我绝对不会欺负她！第三天新姑爷回门，新娘子一回到家就把俩小舅子给揍了……他不欺负我，你们让他欺负谁去？俩小舅子：姐夫，救我！,http://www.budejie.com/detail-29075083.html
"很有感触的句子，句句走心
1、笑看花开，是一种宁静的喜悦；静赏花落，是一份随缘的自在。
2、我们不能单凭过去评论一个人。
3、不论你承不承认，和志同道合的人在一起就是会更快乐。
4、脾气这玩意儿我控制不好，心没有那么大面积，更照顾不了每个人的感受。
5、身体和灵魂总要有一个在路上。
6、我还是相信这世界会有好事发生的，只是不属于我罢了。
7、旧的坏日子已经过去，新的的坏日子还在赶来的路上，而所谓的幸福就是这两种日子中间的那段时光。
8、你要度过生存期，才能谈生活和理想。
9、谁不是从一个心地善良的孩子被现实折磨成一个心机深重的疯子。
10、过自己不想要的生活需要勇气，过自己想要的生活，不但需要勇气，你还得有能力。
11、其实生活一直都挺无聊的，只是偶尔有点意思。
12、愿你能够留住心里善良的模样，不要被这个世界同化得不剩一点闪光。
13、就算出卖灵魂，也要卖个好价钱。
14、小时候哭是觉得自己太委屈，长大了哭是对自己太失望。
15、人总爱跟别人比较，看看有谁比自己好，又有谁比不上自己。而其实，为你的烦恼和忧伤垫底的，从来不是别人的不幸和痛苦，而是你自己的态度。
16、爱一个人，没有成为一件简单的事，那一定是因为感情深度不够。
17、关于孤独的多种形式，总有一种存在于你的生活。
18、有时遥不可及才是最好的距离，没有期待，没有妄想。
19、能让你活得最像自己的人，必然会是那个最爱你且你最爱的人。
20、我们来到人间，与别人欢聚一场，是为了追欢逐乐的，我们不是来生气的，更不是来气别人的。
21、喜欢坐火车，喜欢一站一站地慢慢南下或者北上，喜欢在旅途中间的我。
22、好的爱情，战得胜时间，抵得住流年，经得起离别，受得住想念。
23、以前的生活都是上辈子的事了，不管怎样，都没必要死抓不放，往前看就好。
24、最好的贵人，就是努力的自己。",http://www.budejie.com/detail-29061761.html
"现代版《孔乙已》
          老包
     鲁镇的酒店格局，和别处不同：都是当街一个曲尺形的大柜台，柜里面放着硕大的啤酒桶，桶上装有水龙头，可以随时倒啤酒。
做工的人，晌午傍晚散了工，三三俩俩地聚一桌，每每花上百来块，一条鱼，一盘肉，再加上几碟小菜，热热地吃了休息。
倘若肯花上五块钱，买一大碗酒，就着饭菜喝下去，打个饱嗝，空气中都有麦芽的香味，甭提有多满足。
现在的小工一天两百块，大师傅能拿到三五百，许多人每顿都要喝上两大碗酒。
我从十二岁起，便在镇口的咸亨酒店里当伙计，老板娘说我样子太傻，就在外面做点跑腿的事罢。
虽然没什么失职，但总觉得有点单调和无聊。老板娘一股泼辣劲，主顾也没有好声气，教人活泼不得。只有老包到店，才可以笑几声。
老包是个老师，身材高大，神色疲倦，鼻子上的眼镜片每年都要厚一圈，牛仔裤洗得发白，脚上的运动鞋大约是五六年前的款式，破旧的公文包鼓鼓囊囊，装的都是作业和试卷。
听人背地里谈论，老包曾经是村里唯一的大学生，不知道怎生沦落到这般光景。旁人问起名字，他一概不应答。
据说除了教书，他还要下乡扶贫、控缀保学、入户走访、信息录入、防艾宣传、文明创建、双高双普、秸秆焚烧、防止溺水、关注App、做各种调查、造各种档案、填各种资料，迎各种检查……仿佛无所不能无所不包，我们便把他唤作“老包”。
做工的人对老包有点敬畏，因为他是读过大学的人。但又对他有些轻视，他们的收入是老包两倍。
倘若有长舌妇说什么“老师一天上两节课，红包收到手软，补课一年买套房”，他们照例是要哄笑一番的。
老包是戴着眼镜喝酒不点荤菜的唯一的人。
老包一到店，所有人都看着他笑。有的叫道，“老包，听说你又犯事了！”他不回答，对柜里说，“一碗酒，一盘青椒豆腐”。
有人故意高声嚷道，“你一定又体罚学生了！”老包睁大眼睛说，“你怎么这样凭空污人清白……”
“什么清白？",http://www.budejie.com/detail-29050872.html
前天第一次去接女朋友下班，到了公司我抱着礼物就进去了。估计是因为快下班，前台妹子边玩手机边问我找谁。我说“我来接xxx”，她回了一句“说了多少遍车别停门口”，然后抬头看了我一眼，稍微一愣。,http://www.budejie.com/detail-29050463.html
"他在伦敦，她在北京，朋友们笑他们，大学时候的异地恋变成了异国恋。
她生日前一天，他问：“傻瓜，想要什么啊？”
她说：“毛绒熊吧，你不在我可以抱着它。”他不说话。
生日，他打电话：“你的毛绒熊到了。”
她呆立在楼下，他站在远处笑得像个孩子，他走过去，拥她入怀，一万两千公里，一个拥抱...
这时候。一辆奔驰停在路边，一中年矮胖秃伸出头来：“畜生！放开你小妈！”",http://www.budejie.com/detail-28996138.html
下了点碎雪，朋友圈乱了，我给大家科普一下雪花的基本知识！雪花分三种:一种麦香，一种纯生，一种勇闯天涯！就是不知道常温好还是冰镇好……,http://www.budejie.com/detail-28984879.html
姐夫们帮忙找个电影，一个外国大老板投资研究了一个新产品，但是手下背叛，要把新产品卖给恐怖分子，李冰冰作为老板的助理，和老板一起逃亡，最后成功和官方逆袭，求姐夫们告知电影名字。,http://www.budejie.com/detail-28985226.html
同事小敏买完午饭回到办公室，跑到我跟前，大声喊道：“姐，我看见你老公和一个长头发，身材特好，非常有气质的女人在一起...”我拍桌子站了起来！看到周围的同事都看着我，于是我淡定的掏出手机给老公打电话说道：“你是不是跟你妈逛街呢！我同事都看见你了，晚上早点回家...”老公：“...”,http://www.budejie.com/detail-28986201.html
"表弟去相亲，第一次女方问表弟“谈过恋爱吗？”表弟说：没谈过！女方嫌弃地走了，说是没有恋爱经验的不要！
第二次女方问表弟“谈过恋爱吗？”这次表弟学乖了说：“有，谈了好几次恋爱了！”女方又嫌弃地走了，说表弟是花心大萝卜…
第三次表弟变被动为主动，抢先问对方有没有谈过恋爱。结果女方嫌弃他说话太直白不够委婉，也…也走了…",http://www.budejie.com/detail-28984900.html
现在女的追不起啊，我刚谈了一个女朋友。一个星期已经花了我60多块钱了,http://www.budejie.com/detail-28978912.html
人的内心有三种东西，20%善良，20%邪恶，20%自私。然而姐夫们不一样，2%善良0.5%邪恶，98.5%大色狼。。,http://www.budejie.com/detail-28975392.html
"清晨醒来，我在洗漱……
老公温柔的搂住我，然后轻轻的在我耳边说道：“老婆，你真心喜欢我吗？你爱我吗？
我：我喜欢你，我爱你，很爱很爱，非常爱……
他脸带泪水哽咽道：有一种爱叫放手，我想离开你了，因为我妈想抱孙子了……
他话音刚落，我的心突然有股猛烈的刺痛，手中拿着的刮胡刀也因此滑落到地板上……",http://www.budejie.com/detail-28965321.html
"很有感触的句子，句句走心
1、笑看花开，是一种宁静的喜悦；静赏花落，是一份随缘的自在。
2、我们不能单凭过去评论一个人。
3、不论你承不承认，和志同道合的人在一起就是会更快乐。
4、脾气这玩意儿我控制不好，心没有那么大面积，更照顾不了每个人的感受。
5、身体和灵魂总要有一个在路上。
6、我还是相信这世界会有好事发生的，只是不属于我罢了。
7、旧的坏日子已经过去，新的的坏日子还在赶来的路上，而所谓的幸福就是这两种日子中间的那段时光。
8、你要度过生存期，才能谈生活和理想。
9、谁不是从一个心地善良的孩子被现实折磨成一个心机深重的疯子。
10、过自己不想要的生活需要勇气，过自己想要的生活，不但需要勇气，你还得有能力。
11、其实生活一直都挺无聊的，只是偶尔有点意思。
12、愿你能够留住心里善良的模样，不要被这个世界同化得不剩一点闪光。
13、就算出卖灵魂，也要卖个好价钱。
14、小时候哭是觉得自己太委屈，长大了哭是对自己太失望。
15、人总爱跟别人比较，看看有谁比自己好，又有谁比不上自己。而其实，为你的烦恼和忧伤垫底的，从来不是别人的不幸和痛苦，而是你自己的态度。
16、爱一个人，没有成为一件简单的事，那一定是因为感情深度不够。
17、关于孤独的多种形式，总有一种存在于你的生活。
18、有时遥不可及才是最好的距离，没有期待，没有妄想。
19、能让你活得最像自己的人，必然会是那个最爱你且你最爱的人。
20、我们来到人间，与别人欢聚一场，是为了追欢逐乐的，我们不是来生气的，更不是来气别人的。
21、喜欢坐火车，喜欢一站一站地慢慢南下或者北上，喜欢在旅途中间的我。
22、好的爱情，战得胜时间，抵得住流年，经得起离别，受得住想念。
23、以前的生活都是上辈子的事了，不管怎样，都没必要死抓不放，往前看就好。
24、最好的贵人，就是努力的自己。",http://www.budejie.com/detail-28969736.html
我男朋友是四川人，我觉得他是对我是真爱，今天我们一起去吃火锅，我说我不太能吃辣耶，  他说要不我们点中辣吧。我没有说话，他犹豫了一会儿说，微辣可以吗?我笑了笑，然后他鼓足了勇气，咬着牙吼道:那就清汤吧...,http://www.budejie.com/detail-28965953.html
邻居阿姨经常拿手机向我请教上网的问题，每次来我都细心的教一点。 今早出门，我跟媳妇说晚上有应酬， 邻居老公隔着防盗门说：“男人其实说应酬都是自己出去玩。” 傍晚下班回家遇到他我说：“大家都是男人，你早上这样不厚道。” 他说：“你厚道？你教我媳妇网购，你厚道？”,http://www.budejie.com/detail-28964495.html
"最近撩妹技能get✔
其实女孩子很好哄开心的，她全身上下只要有一处亮点，你拎出来夸就行，比如鞋子真好看，项链好精致，眼影很特别等等。。。
如果灰头土脸没收拾，实在找不到亮点，你就说她瘦了！",http://www.budejie.com/detail-28278217.html
"和闺蜜聊天，我就说为了我的下一代着想，我得找个帅哥结婚。
结果闺蜜说，帅哥为了他的下一代是不会跟你结婚的。",http://www.budejie.com/detail-28270675.html
"给儿子买了一件秋衣，上面印有熊大熊二，到幼儿园儿子就把外套脱了，到处给小朋友炫耀。
　　老师看见怕冻着他，就命令他穿上外套不许脱。
　　以为这样就能阻止儿子嘚瑟了吗？不，儿子找个墙角倒立起来，让外套翻起来露出里面秋衣……",http://www.budejie.com/detail-27951394.html
"昨天下雨了，刚回家没多久，就传来了急促的敲门，开门看到是隔壁邻居张大爷，问我家是不是起火了，说他闻到有焦臭味，熏得他睁不开眼睛！
张大爷还进屋四处查看，还纳闷说，为何没看到烟呢？
张大爷，我不过就是袜子被雨水弄湿了点，用电吹风吹干而已！……",http://www.budejie.com/detail-28203223.html
大家好，我是屈原，哈哈哈哈哈哈哈哈哈哈哈哈哈哈哈哈哈哈哈哈哈哈哈哈哈哈哈，咳咳，没没没错，我就是屈原，当年我牺牲自己，为你们争取三天假期，你们是不是应该表示一下?每个姐夫给我一分钱就好，谢谢大家,http://www.budejie.com/detail-28147488.html
"“是不是要放假了？”
“放什么假？”
“五一放假啊！”
“五一我本来就有两天双休日我放什么假？”
“不是还有一天假吗？”
“还有一天我是用周六换的我放什么假？”",http://www.budejie.com/detail-27766912.html
当一个人不爱你的时候。你的撒娇就是作。你的吃醋就是小心眼。你的想念就是打扰。你的关心就是闲得慌。,http://www.budejie.com/detail-27711493.html
为什么中医理论里面，凡是天然的食物都有所谓的“功效”，就没有一种吃下去只是单纯的会饱的东西吗？,http://www.budejie.com/detail-27712445.html
"我们能从游戏中学到什么？
英雄联盟：你一个人靠谱能做的很好，但一群人靠谱才能走的更远。
阴阳师：你永远不知道运气什么时候会砸向你。
魔兽世界：能陪你走过十二年的，不止朋友，还有艾泽拉斯。
贪吃蛇大作战：长大的我们渐渐失去了横冲直撞的勇气。
纪念碑谷：面对困难多转几个弯，总会遇见柳暗花明。
守望先锋：生活中并不缺少美，只是确实发现美的眼睛，热火朝天的战场中也有靓丽的风景。
愤怒的小鸟：失败时总有一群猪在嘲笑你，而他们不知道有再来一次。
俄罗斯方块：犯下的错误会积累，而成功会消失。
王者荣耀：垃圾游戏！",http://www.budejie.com/detail-27651112.html
本人姓项，设计院工程师一名，你们能体会公司各个美女都叫我项工的感觉么？ 特别是大办公室：项工，你来一下。靠，每次听的我都脸红。,http://www.budejie.com/detail-27699759.html
恋爱时，我爸一直不同意我跟老公的恋情，直到老公第一次进门拜访，脱了鞋子，我爸憋了口气说:小伙子，就冲这个味跟我闺女是一样的，人你领走吧！……,http://www.budejie.com/detail-27688365.html
告诉大家一个增肥秘方，一日三餐要吃到撑，要保证身边随时能吃到零食，薯片，虾条，巧克力等等……喝的水永远都是碳酸饮料可乐雪碧百事之类的……绝不喝白开水，睡前一定要吃夜宵吃到饱，羊肉串烤鸡翅鸡腿等等，因为我曾经就是这么胖起来的。,http://www.budejie.com/detail-27652240.html
"读书的时候，去军训同学们都害怕站军姿，天气已经很热了，经常有人晕倒！
一天，班主任来了，教官告诉班主任，我站军姿是表现最好的，一动不动，从未晕倒过。
班主任却指着我，对教官说:  那是他，上课罚站练出来的！……",http://www.budejie.com/detail-27679078.html
记得第一次去女朋友家，未来老丈人备了一箱啤酒。我想老丈人爱喝那必须陪着喝啊，于是爷俩一日三餐一人一瓶。我不善酒，特别不习惯早上和中午喝酒。到第三天我告饶说：叔，要不咱少喝两顿？老丈人说：好好，我也觉得喝得不舒服，以为你爱喝就陪你了。这句话想起来就觉得温馨，为热情而朴实的老丈人求赞。,http://www.budejie.com/detail-27660221.html
女生眼中的男生：长得一般的叫帅哥，长得好看的叫小哥哥，长得超帅的叫老公。,http://www.budejie.com/detail-27395794.html
无意中看到女友跟别人的聊天记录：大爷，常来家里玩呀。瞬间脑补出女友出轨我被绿了他们居然在家里那啥也不怕被我发现巴拉巴拉一大串……回过神来接着看，对方回复：好的大侄女,http://www.budejie.com/detail-27383539.html
记得有次假期回家的火车上，看到有个女孩侧卧在男孩腿上睡着了。窗外太阳挺大，帘子也不能完全挡住，然后男孩就悬着手掌帮女孩遮挡照在脸上的阳光。这个姿势维持了很久，直到那个女孩醒来后看到哭了，抽泣着问：你是不是想打我很久了？,http://www.budejie.com/detail-27387799.html
他暗恋她很久了，她也喜欢他。每次上晚自习，他总是看着她，可她却把头转过去看着窗外。有天他问她：“你知道我每天晚自习都在看你吗？”“嗯！”“那你为何还把头转过去？”“因为在玻璃里面我可以不害羞的看着你。”,http://www.budejie.com/detail-27386897.html
年近30的堂弟被大伯狠狠地揍了一顿！问其原因，原来是其家人给他安排了一场相亲，见面时女方对他印象不错羞涩地说：“我不介意你没有房，没有车，没有存款，只要你对我好就行！” 结果这货来了句：“你肚子里有赠品吗？”,http://www.budejie.com/detail-27383598.html
地铁上，看见一个女生穿着性感，非常漂亮，以至于令我有了非分之想。于是，经过激烈的思想斗争，我终于鼓起勇气，大胆地想了起来。,http://www.budejie.com/detail-27379083.html
当年高三我们班有一个哥们，白天睡觉，晚上自学，成绩一直前三名......结果高考的时候睡着了,http://www.budejie.com/detail-27377288.html
号称绝不结婚的男同学，孩子都会打酱油了，我们都很好奇是什么样的姑娘降服了他。他回忆了当年求婚的场景：“当时女友过生日，她吃蛋糕时突然吃到一枚钻戒，随即害羞地对我说：‘我愿意嫁给你。’后来我们就结婚了。”我们表示真浪漫，他叹息道：“是啊，即便是我，也无法拒绝一个自己掏钱买戒指藏在蛋糕里的女孩……”,http://www.budejie.com/detail-27374870.html
下雪了，出门见一大爷摔倒，我过去问：“大爷，我一月工资不到2千块，能扶您起来么？” 大爷：“小伙子，你走吧，我再等一会儿”。 我被感动的赶紧说：“大爷，那边有个法拉利就快过来了”。 大爷也激动说：“你这后生还算实在，干脆别走给我做个证人，完事给你买辆车上班开……” 天气虽冷，大爷的话却是暖暖的，满满的都是正能量。。。,http://www.budejie.com/detail-27374223.html
去叔叔店里帮忙，有客人结账，给我140块。客人很关心的说:小姑娘你看下一百的哈，别假了。我接过钱，很认真的看了一下确定真钱，才让他走。过了一会找别人钱，我才发现那两张20元是假的。。。,http://www.budejie.com/detail-27365924.html
大家好，我是屈原，哈哈哈哈哈哈哈哈哈哈哈哈哈哈哈哈哈哈哈哈哈哈哈哈哈哈哈，咳咳，没没没错，我就是屈原，当年我牺牲自己，为你们争取三天假期，你们是不是应该表示一下?每个姐夫给我一分钱就好，谢谢大家,http://www.budejie.com/detail-28147488.html
"“是不是要放假了？”
“放什么假？”
“五一放假啊！”
“五一我本来就有两天双休日我放什么假？”
“不是还有一天假吗？”
“还有一天我是用周六换的我放什么假？”",http://www.budejie.com/detail-27766912.html
当一个人不爱你的时候。你的撒娇就是作。你的吃醋就是小心眼。你的想念就是打扰。你的关心就是闲得慌。,http://www.budejie.com/detail-27711493.html
为什么中医理论里面，凡是天然的食物都有所谓的“功效”，就没有一种吃下去只是单纯的会饱的东西吗？,http://www.budejie.com/detail-27712445.html
"我们能从游戏中学到什么？
英雄联盟：你一个人靠谱能做的很好，但一群人靠谱才能走的更远。
阴阳师：你永远不知道运气什么时候会砸向你。
魔兽世界：能陪你走过十二年的，不止朋友，还有艾泽拉斯。
贪吃蛇大作战：长大的我们渐渐失去了横冲直撞的勇气。
纪念碑谷：面对困难多转几个弯，总会遇见柳暗花明。
守望先锋：生活中并不缺少美，只是确实发现美的眼睛，热火朝天的战场中也有靓丽的风景。
愤怒的小鸟：失败时总有一群猪在嘲笑你，而他们不知道有再来一次。
俄罗斯方块：犯下的错误会积累，而成功会消失。
王者荣耀：垃圾游戏！",http://www.budejie.com/detail-27651112.html
本人姓项，设计院工程师一名，你们能体会公司各个美女都叫我项工的感觉么？ 特别是大办公室：项工，你来一下。靠，每次听的我都脸红。,http://www.budejie.com/detail-27699759.html
恋爱时，我爸一直不同意我跟老公的恋情，直到老公第一次进门拜访，脱了鞋子，我爸憋了口气说:小伙子，就冲这个味跟我闺女是一样的，人你领走吧！……,http://www.budejie.com/detail-27688365.html
告诉大家一个增肥秘方，一日三餐要吃到撑，要保证身边随时能吃到零食，薯片，虾条，巧克力等等……喝的水永远都是碳酸饮料可乐雪碧百事之类的……绝不喝白开水，睡前一定要吃夜宵吃到饱，羊肉串烤鸡翅鸡腿等等，因为我曾经就是这么胖起来的。,http://www.budejie.com/detail-27652240.html
"读书的时候，去军训同学们都害怕站军姿，天气已经很热了，经常有人晕倒！
一天，班主任来了，教官告诉班主任，我站军姿是表现最好的，一动不动，从未晕倒过。
班主任却指着我，对教官说:  那是他，上课罚站练出来的！……",http://www.budejie.com/detail-27679078.html
记得第一次去女朋友家，未来老丈人备了一箱啤酒。我想老丈人爱喝那必须陪着喝啊，于是爷俩一日三餐一人一瓶。我不善酒，特别不习惯早上和中午喝酒。到第三天我告饶说：叔，要不咱少喝两顿？老丈人说：好好，我也觉得喝得不舒服，以为你爱喝就陪你了。这句话想起来就觉得温馨，为热情而朴实的老丈人求赞。,http://www.budejie.com/detail-27660221.html
女生眼中的男生：长得一般的叫帅哥，长得好看的叫小哥哥，长得超帅的叫老公。,http://www.budejie.com/detail-27395794.html
无意中看到女友跟别人的聊天记录：大爷，常来家里玩呀。瞬间脑补出女友出轨我被绿了他们居然在家里那啥也不怕被我发现巴拉巴拉一大串……回过神来接着看，对方回复：好的大侄女,http://www.budejie.com/detail-27383539.html
记得有次假期回家的火车上，看到有个女孩侧卧在男孩腿上睡着了。窗外太阳挺大，帘子也不能完全挡住，然后男孩就悬着手掌帮女孩遮挡照在脸上的阳光。这个姿势维持了很久，直到那个女孩醒来后看到哭了，抽泣着问：你是不是想打我很久了？,http://www.budejie.com/detail-27387799.html
他暗恋她很久了，她也喜欢他。每次上晚自习，他总是看着她，可她却把头转过去看着窗外。有天他问她：“你知道我每天晚自习都在看你吗？”“嗯！”“那你为何还把头转过去？”“因为在玻璃里面我可以不害羞的看着你。”,http://www.budejie.com/detail-27386897.html
年近30的堂弟被大伯狠狠地揍了一顿！问其原因，原来是其家人给他安排了一场相亲，见面时女方对他印象不错羞涩地说：“我不介意你没有房，没有车，没有存款，只要你对我好就行！” 结果这货来了句：“你肚子里有赠品吗？”,http://www.budejie.com/detail-27383598.html
地铁上，看见一个女生穿着性感，非常漂亮，以至于令我有了非分之想。于是，经过激烈的思想斗争，我终于鼓起勇气，大胆地想了起来。,http://www.budejie.com/detail-27379083.html
当年高三我们班有一个哥们，白天睡觉，晚上自学，成绩一直前三名......结果高考的时候睡着了,http://www.budejie.com/detail-27377288.html
号称绝不结婚的男同学，孩子都会打酱油了，我们都很好奇是什么样的姑娘降服了他。他回忆了当年求婚的场景：“当时女友过生日，她吃蛋糕时突然吃到一枚钻戒，随即害羞地对我说：‘我愿意嫁给你。’后来我们就结婚了。”我们表示真浪漫，他叹息道：“是啊，即便是我，也无法拒绝一个自己掏钱买戒指藏在蛋糕里的女孩……”,http://www.budejie.com/detail-27374870.html
下雪了，出门见一大爷摔倒，我过去问：“大爷，我一月工资不到2千块，能扶您起来么？” 大爷：“小伙子，你走吧，我再等一会儿”。 我被感动的赶紧说：“大爷，那边有个法拉利就快过来了”。 大爷也激动说：“你这后生还算实在，干脆别走给我做个证人，完事给你买辆车上班开……” 天气虽冷，大爷的话却是暖暖的，满满的都是正能量。。。,http://www.budejie.com/detail-27374223.html
去叔叔店里帮忙，有客人结账，给我140块。客人很关心的说:小姑娘你看下一百的哈，别假了。我接过钱，很认真的看了一下确定真钱，才让他走。过了一会找别人钱，我才发现那两张20元是假的。。。,http://www.budejie.com/detail-27365924.html
想当年大一的时候，得了痔疮，开始用卫生纸垫着还是会弄到内裤上血，逛超市的时候看到女生买卫生巾，我突然脑子灵光一闪，我觉得我也可以用啊，于是就去离学校很远的地方买了卫生巾垫上了，说实话确实好用啊，直到有一次打篮球打的太激烈了，卫生巾顺着裤腿掉了下来，周围突然的安静，然后又突然爆发排山倒海的欢呼，我拼命大喊我是痔疮才用的声音他们根本不听啊……,http://www.budejie.com/detail-27951567.html
闺蜜来家里叫老婆去逛街，老婆问我要钱。她温柔的告诉我:老公，我想和闺蜜去逛街！能不能给我点钱啊！我坐沙发上，翘着二郎腿抽着烟问她:20行不行啊？老婆想了想说:……20就20吧！！她闺蜜在一旁猛夸我:可以啊！能把我这闺蜜收拾的服服帖帖的！厉害啊！！我被夸的飘飘欲仙的！很熟练的掏出钱包，拿出20块钱……然后把钱包给了老婆…,http://www.budejie.com/detail-27943318.html
"对中年油腻男来说，什么是幸福？
幸福对我而言，就是劳累了一天之后，推开星巴克的门，坐下来好好享受一下小资情调。
取出泡着枸杞的保温瓶，倒入些星巴克的白砂糖，搅拌....
幸福就是这么触手可及！",http://www.budejie.com/detail-28258205.html
"吃过饭，老爸笑眯眯的跟我说：闺女，咱俩玩个游戏吧，我说前两个字，你说后两个字，好比我说海尔你说兄弟!我点头说好!
老爸:安史!我：之乱!老爸：黑猫!我:警长!老爸：小头，我：爸爸！然后我爸猛的长笑一声：哈哈，被我套路了吧！叫我爸爸～哈哈哈哈～
我一脸懵逼：难道我不该叫你爸爸吗?",http://www.budejie.com/detail-28246002.html
"和一帮伪球迷朋友一起看球时，请大声说出这样的句子：“这是5号塔杰曼、11号是斯涅夫，16号是迪德南。”
这样会显得你很懂足球，而事实上你根本不认识任何球员，这些名字也都是你胡编的。
但是有什么关系呢？那些伪球迷朋友反正也不认识。",http://www.budejie.com/detail-28250773.html
"万能的姐夫们，这么多种类型的男朋友，你找好自己喜欢的那一种了吗？
1.袋鼠系男友
冷漠，对什么人都保持着距离，对什么事情都不在意。但只有你能触到他柔软的心，身材特别棒，腿部和腰部力量强劲。
2.熊系男友
性格有点木讷，有点蠢蠢呆呆的，掌心很温暖，单纯，但是很会照顾你，会主动挑你碗里的青椒和一切你不爱吃的。
3.猩猩系男友
智障超高，总是穿着整整齐齐的西装制服，但是很绅士，很温柔，喜欢小动物，对女人很体贴，不擅长表达，会默默为你打理好一切。
4.企鹅系男友
穿着得体，从不邋遢，衣柜里都是白衬衫和黑领带。不喜欢外出，极度怕热，但是很绅士，很细心，远离照顾孩子和做家务。",http://www.budejie.com/detail-28189863.html
投胎之前为什么要喝孟婆汤？其实不仅仅是为了忘记前世的所有爱恨情仇，还为了忘记前世的银行卡密码。 ​​,http://www.budejie.com/detail-28145545.html
大家好，我是屈原，哈哈哈哈哈哈哈哈哈哈哈哈哈哈哈哈哈哈哈哈哈哈哈哈哈哈哈，咳咳，没没没错，我就是屈原，当年我牺牲自己，为你们争取三天假期，你们是不是应该表示一下?每个姐夫给我一分钱就好，谢谢大家,http://www.budejie.com/detail-28147488.html
"“是不是要放假了？”
“放什么假？”
“五一放假啊！”
“五一我本来就有两天双休日我放什么假？”
“不是还有一天假吗？”
“还有一天我是用周六换的我放什么假？”",http://www.budejie.com/detail-27766912.html
当一个人不爱你的时候。你的撒娇就是作。你的吃醋就是小心眼。你的想念就是打扰。你的关心就是闲得慌。,http://www.budejie.com/detail-27711493.html
为什么中医理论里面，凡是天然的食物都有所谓的“功效”，就没有一种吃下去只是单纯的会饱的东西吗？,http://www.budejie.com/detail-27712445.html
"我们能从游戏中学到什么？
英雄联盟：你一个人靠谱能做的很好，但一群人靠谱才能走的更远。
阴阳师：你永远不知道运气什么时候会砸向你。
魔兽世界：能陪你走过十二年的，不止朋友，还有艾泽拉斯。
贪吃蛇大作战：长大的我们渐渐失去了横冲直撞的勇气。
纪念碑谷：面对困难多转几个弯，总会遇见柳暗花明。
守望先锋：生活中并不缺少美，只是确实发现美的眼睛，热火朝天的战场中也有靓丽的风景。
愤怒的小鸟：失败时总有一群猪在嘲笑你，而他们不知道有再来一次。
俄罗斯方块：犯下的错误会积累，而成功会消失。
王者荣耀：垃圾游戏！",http://www.budejie.com/detail-27651112.html
本人姓项，设计院工程师一名，你们能体会公司各个美女都叫我项工的感觉么？ 特别是大办公室：项工，你来一下。靠，每次听的我都脸红。,http://www.budejie.com/detail-27699759.html
恋爱时，我爸一直不同意我跟老公的恋情，直到老公第一次进门拜访，脱了鞋子，我爸憋了口气说:小伙子，就冲这个味跟我闺女是一样的，人你领走吧！……,http://www.budejie.com/detail-27688365.html
告诉大家一个增肥秘方，一日三餐要吃到撑，要保证身边随时能吃到零食，薯片，虾条，巧克力等等……喝的水永远都是碳酸饮料可乐雪碧百事之类的……绝不喝白开水，睡前一定要吃夜宵吃到饱，羊肉串烤鸡翅鸡腿等等，因为我曾经就是这么胖起来的。,http://www.budejie.com/detail-27652240.html
"读书的时候，去军训同学们都害怕站军姿，天气已经很热了，经常有人晕倒！
一天，班主任来了，教官告诉班主任，我站军姿是表现最好的，一动不动，从未晕倒过。
班主任却指着我，对教官说:  那是他，上课罚站练出来的！……",http://www.budejie.com/detail-27679078.html
记得第一次去女朋友家，未来老丈人备了一箱啤酒。我想老丈人爱喝那必须陪着喝啊，于是爷俩一日三餐一人一瓶。我不善酒，特别不习惯早上和中午喝酒。到第三天我告饶说：叔，要不咱少喝两顿？老丈人说：好好，我也觉得喝得不舒服，以为你爱喝就陪你了。这句话想起来就觉得温馨，为热情而朴实的老丈人求赞。,http://www.budejie.com/detail-27660221.html
女生眼中的男生：长得一般的叫帅哥，长得好看的叫小哥哥，长得超帅的叫老公。,http://www.budejie.com/detail-27395794.html
无意中看到女友跟别人的聊天记录：大爷，常来家里玩呀。瞬间脑补出女友出轨我被绿了他们居然在家里那啥也不怕被我发现巴拉巴拉一大串……回过神来接着看，对方回复：好的大侄女,http://www.budejie.com/detail-27383539.html
记得有次假期回家的火车上，看到有个女孩侧卧在男孩腿上睡着了。窗外太阳挺大，帘子也不能完全挡住，然后男孩就悬着手掌帮女孩遮挡照在脸上的阳光。这个姿势维持了很久，直到那个女孩醒来后看到哭了，抽泣着问：你是不是想打我很久了？,http://www.budejie.com/detail-27387799.html
大家好，我是屈原，哈哈哈哈哈哈哈哈哈哈哈哈哈哈哈哈哈哈哈哈哈哈哈哈哈哈哈，咳咳，没没没错，我就是屈原，当年我牺牲自己，为你们争取三天假期，你们是不是应该表示一下?每个姐夫给我一分钱就好，谢谢大家,http://www.budejie.com/detail-28147488.html
"“是不是要放假了？”
“放什么假？”
“五一放假啊！”
“五一我本来就有两天双休日我放什么假？”
“不是还有一天假吗？”
“还有一天我是用周六换的我放什么假？”",http://www.budejie.com/detail-27766912.html
当一个人不爱你的时候。你的撒娇就是作。你的吃醋就是小心眼。你的想念就是打扰。你的关心就是闲得慌。,http://www.budejie.com/detail-27711493.html
为什么中医理论里面，凡是天然的食物都有所谓的“功效”，就没有一种吃下去只是单纯的会饱的东西吗？,http://www.budejie.com/detail-27712445.html
"我们能从游戏中学到什么？
英雄联盟：你一个人靠谱能做的很好，但一群人靠谱才能走的更远。
阴阳师：你永远不知道运气什么时候会砸向你。
魔兽世界：能陪你走过十二年的，不止朋友，还有艾泽拉斯。
贪吃蛇大作战：长大的我们渐渐失去了横冲直撞的勇气。
纪念碑谷：面对困难多转几个弯，总会遇见柳暗花明。
守望先锋：生活中并不缺少美，只是确实发现美的眼睛，热火朝天的战场中也有靓丽的风景。
愤怒的小鸟：失败时总有一群猪在嘲笑你，而他们不知道有再来一次。
俄罗斯方块：犯下的错误会积累，而成功会消失。
王者荣耀：垃圾游戏！",http://www.budejie.com/detail-27651112.html
本人姓项，设计院工程师一名，你们能体会公司各个美女都叫我项工的感觉么？ 特别是大办公室：项工，你来一下。靠，每次听的我都脸红。,http://www.budejie.com/detail-27699759.html
恋爱时，我爸一直不同意我跟老公的恋情，直到老公第一次进门拜访，脱了鞋子，我爸憋了口气说:小伙子，就冲这个味跟我闺女是一样的，人你领走吧！……,http://www.budejie.com/detail-27688365.html
告诉大家一个增肥秘方，一日三餐要吃到撑，要保证身边随时能吃到零食，薯片，虾条，巧克力等等……喝的水永远都是碳酸饮料可乐雪碧百事之类的……绝不喝白开水，睡前一定要吃夜宵吃到饱，羊肉串烤鸡翅鸡腿等等，因为我曾经就是这么胖起来的。,http://www.budejie.com/detail-27652240.html
"读书的时候，去军训同学们都害怕站军姿，天气已经很热了，经常有人晕倒！
一天，班主任来了，教官告诉班主任，我站军姿是表现最好的，一动不动，从未晕倒过。
班主任却指着我，对教官说:  那是他，上课罚站练出来的！……",http://www.budejie.com/detail-27679078.html
记得第一次去女朋友家，未来老丈人备了一箱啤酒。我想老丈人爱喝那必须陪着喝啊，于是爷俩一日三餐一人一瓶。我不善酒，特别不习惯早上和中午喝酒。到第三天我告饶说：叔，要不咱少喝两顿？老丈人说：好好，我也觉得喝得不舒服，以为你爱喝就陪你了。这句话想起来就觉得温馨，为热情而朴实的老丈人求赞。,http://www.budejie.com/detail-27660221.html
女生眼中的男生：长得一般的叫帅哥，长得好看的叫小哥哥，长得超帅的叫老公。,http://www.budejie.com/detail-27395794.html
无意中看到女友跟别人的聊天记录：大爷，常来家里玩呀。瞬间脑补出女友出轨我被绿了他们居然在家里那啥也不怕被我发现巴拉巴拉一大串……回过神来接着看，对方回复：好的大侄女,http://www.budejie.com/detail-27383539.html
记得有次假期回家的火车上，看到有个女孩侧卧在男孩腿上睡着了。窗外太阳挺大，帘子也不能完全挡住，然后男孩就悬着手掌帮女孩遮挡照在脸上的阳光。这个姿势维持了很久，直到那个女孩醒来后看到哭了，抽泣着问：你是不是想打我很久了？,http://www.budejie.com/detail-27387799.html
他暗恋她很久了，她也喜欢他。每次上晚自习，他总是看着她，可她却把头转过去看着窗外。有天他问她：“你知道我每天晚自习都在看你吗？”“嗯！”“那你为何还把头转过去？”“因为在玻璃里面我可以不害羞的看着你。”,http://www.budejie.com/detail-27386897.html
年近30的堂弟被大伯狠狠地揍了一顿！问其原因，原来是其家人给他安排了一场相亲，见面时女方对他印象不错羞涩地说：“我不介意你没有房，没有车，没有存款，只要你对我好就行！” 结果这货来了句：“你肚子里有赠品吗？”,http://www.budejie.com/detail-27383598.html
地铁上，看见一个女生穿着性感，非常漂亮，以至于令我有了非分之想。于是，经过激烈的思想斗争，我终于鼓起勇气，大胆地想了起来。,http://www.budejie.com/detail-27379083.html
当年高三我们班有一个哥们，白天睡觉，晚上自学，成绩一直前三名......结果高考的时候睡着了,http://www.budejie.com/detail-27377288.html
号称绝不结婚的男同学，孩子都会打酱油了，我们都很好奇是什么样的姑娘降服了他。他回忆了当年求婚的场景：“当时女友过生日，她吃蛋糕时突然吃到一枚钻戒，随即害羞地对我说：‘我愿意嫁给你。’后来我们就结婚了。”我们表示真浪漫，他叹息道：“是啊，即便是我，也无法拒绝一个自己掏钱买戒指藏在蛋糕里的女孩……”,http://www.budejie.com/detail-27374870.html
下雪了，出门见一大爷摔倒，我过去问：“大爷，我一月工资不到2千块，能扶您起来么？” 大爷：“小伙子，你走吧，我再等一会儿”。 我被感动的赶紧说：“大爷，那边有个法拉利就快过来了”。 大爷也激动说：“你这后生还算实在，干脆别走给我做个证人，完事给你买辆车上班开……” 天气虽冷，大爷的话却是暖暖的，满满的都是正能量。。。,http://www.budejie.com/detail-27374223.html
去叔叔店里帮忙，有客人结账，给我140块。客人很关心的说:小姑娘你看下一百的哈，别假了。我接过钱，很认真的看了一下确定真钱，才让他走。过了一会找别人钱，我才发现那两张20元是假的。。。,http://www.budejie.com/detail-27365924.html
大家好，我是屈原，哈哈哈哈哈哈哈哈哈哈哈哈哈哈哈哈哈哈哈哈哈哈哈哈哈哈哈，咳咳，没没没错，我就是屈原，当年我牺牲自己，为你们争取三天假期，你们是不是应该表示一下?每个姐夫给我一分钱就好，谢谢大家,http://www.budejie.com/detail-28147488.html
"“是不是要放假了？”
“放什么假？”
“五一放假啊！”
“五一我本来就有两天双休日我放什么假？”
“不是还有一天假吗？”
“还有一天我是用周六换的我放什么假？”",http://www.budejie.com/detail-27766912.html
当一个人不爱你的时候。你的撒娇就是作。你的吃醋就是小心眼。你的想念就是打扰。你的关心就是闲得慌。,http://www.budejie.com/detail-27711493.html
为什么中医理论里面，凡是天然的食物都有所谓的“功效”，就没有一种吃下去只是单纯的会饱的东西吗？,http://www.budejie.com/detail-27712445.html
"我们能从游戏中学到什么？
英雄联盟：你一个人靠谱能做的很好，但一群人靠谱才能走的更远。
阴阳师：你永远不知道运气什么时候会砸向你。
魔兽世界：能陪你走过十二年的，不止朋友，还有艾泽拉斯。
贪吃蛇大作战：长大的我们渐渐失去了横冲直撞的勇气。
纪念碑谷：面对困难多转几个弯，总会遇见柳暗花明。
守望先锋：生活中并不缺少美，只是确实发现美的眼睛，热火朝天的战场中也有靓丽的风景。
愤怒的小鸟：失败时总有一群猪在嘲笑你，而他们不知道有再来一次。
俄罗斯方块：犯下的错误会积累，而成功会消失。
王者荣耀：垃圾游戏！",http://www.budejie.com/detail-27651112.html
本人姓项，设计院工程师一名，你们能体会公司各个美女都叫我项工的感觉么？ 特别是大办公室：项工，你来一下。靠，每次听的我都脸红。,http://www.budejie.com/detail-27699759.html
恋爱时，我爸一直不同意我跟老公的恋情，直到老公第一次进门拜访，脱了鞋子，我爸憋了口气说:小伙子，就冲这个味跟我闺女是一样的，人你领走吧！……,http://www.budejie.com/detail-27688365.html
告诉大家一个增肥秘方，一日三餐要吃到撑，要保证身边随时能吃到零食，薯片，虾条，巧克力等等……喝的水永远都是碳酸饮料可乐雪碧百事之类的……绝不喝白开水，睡前一定要吃夜宵吃到饱，羊肉串烤鸡翅鸡腿等等，因为我曾经就是这么胖起来的。,http://www.budejie.com/detail-27652240.html
"读书的时候，去军训同学们都害怕站军姿，天气已经很热了，经常有人晕倒！
一天，班主任来了，教官告诉班主任，我站军姿是表现最好的，一动不动，从未晕倒过。
班主任却指着我，对教官说:  那是他，上课罚站练出来的！……",http://www.budejie.com/detail-27679078.html
记得第一次去女朋友家，未来老丈人备了一箱啤酒。我想老丈人爱喝那必须陪着喝啊，于是爷俩一日三餐一人一瓶。我不善酒，特别不习惯早上和中午喝酒。到第三天我告饶说：叔，要不咱少喝两顿？老丈人说：好好，我也觉得喝得不舒服，以为你爱喝就陪你了。这句话想起来就觉得温馨，为热情而朴实的老丈人求赞。,http://www.budejie.com/detail-27660221.html
女生眼中的男生：长得一般的叫帅哥，长得好看的叫小哥哥，长得超帅的叫老公。,http://www.budejie.com/detail-27395794.html
无意中看到女友跟别人的聊天记录：大爷，常来家里玩呀。瞬间脑补出女友出轨我被绿了他们居然在家里那啥也不怕被我发现巴拉巴拉一大串……回过神来接着看，对方回复：好的大侄女,http://www.budejie.com/detail-27383539.html
记得有次假期回家的火车上，看到有个女孩侧卧在男孩腿上睡着了。窗外太阳挺大，帘子也不能完全挡住，然后男孩就悬着手掌帮女孩遮挡照在脸上的阳光。这个姿势维持了很久，直到那个女孩醒来后看到哭了，抽泣着问：你是不是想打我很久了？,http://www.budejie.com/detail-27387799.html
他暗恋她很久了，她也喜欢他。每次上晚自习，他总是看着她，可她却把头转过去看着窗外。有天他问她：“你知道我每天晚自习都在看你吗？”“嗯！”“那你为何还把头转过去？”“因为在玻璃里面我可以不害羞的看着你。”,http://www.budejie.com/detail-27386897.html
年近30的堂弟被大伯狠狠地揍了一顿！问其原因，原来是其家人给他安排了一场相亲，见面时女方对他印象不错羞涩地说：“我不介意你没有房，没有车，没有存款，只要你对我好就行！” 结果这货来了句：“你肚子里有赠品吗？”,http://www.budejie.com/detail-27383598.html
地铁上，看见一个女生穿着性感，非常漂亮，以至于令我有了非分之想。于是，经过激烈的思想斗争，我终于鼓起勇气，大胆地想了起来。,http://www.budejie.com/detail-27379083.html
当年高三我们班有一个哥们，白天睡觉，晚上自学，成绩一直前三名......结果高考的时候睡着了,http://www.budejie.com/detail-27377288.html
号称绝不结婚的男同学，孩子都会打酱油了，我们都很好奇是什么样的姑娘降服了他。他回忆了当年求婚的场景：“当时女友过生日，她吃蛋糕时突然吃到一枚钻戒，随即害羞地对我说：‘我愿意嫁给你。’后来我们就结婚了。”我们表示真浪漫，他叹息道：“是啊，即便是我，也无法拒绝一个自己掏钱买戒指藏在蛋糕里的女孩……”,http://www.budejie.com/detail-27374870.html
下雪了，出门见一大爷摔倒，我过去问：“大爷，我一月工资不到2千块，能扶您起来么？” 大爷：“小伙子，你走吧，我再等一会儿”。 我被感动的赶紧说：“大爷，那边有个法拉利就快过来了”。 大爷也激动说：“你这后生还算实在，干脆别走给我做个证人，完事给你买辆车上班开……” 天气虽冷，大爷的话却是暖暖的，满满的都是正能量。。。,http://www.budejie.com/detail-27374223.html
去叔叔店里帮忙，有客人结账，给我140块。客人很关心的说:小姑娘你看下一百的哈，别假了。我接过钱，很认真的看了一下确定真钱，才让他走。过了一会找别人钱，我才发现那两张20元是假的。。。,http://www.budejie.com/detail-27365924.html
大家好，我是屈原，哈哈哈哈哈哈哈哈哈哈哈哈哈哈哈哈哈哈哈哈哈哈哈哈哈哈哈，咳咳，没没没错，我就是屈原，当年我牺牲自己，为你们争取三天假期，你们是不是应该表示一下?每个姐夫给我一分钱就好，谢谢大家,http://www.budejie.com/detail-28147488.html
"“是不是要放假了？”
“放什么假？”
“五一放假啊！”
“五一我本来就有两天双休日我放什么假？”
“不是还有一天假吗？”
“还有一天我是用周六换的我放什么假？”",http://www.budejie.com/detail-27766912.html
当一个人不爱你的时候。你的撒娇就是作。你的吃醋就是小心眼。你的想念就是打扰。你的关心就是闲得慌。,http://www.budejie.com/detail-27711493.html
为什么中医理论里面，凡是天然的食物都有所谓的“功效”，就没有一种吃下去只是单纯的会饱的东西吗？,http://www.budejie.com/detail-27712445.html
"我们能从游戏中学到什么？
英雄联盟：你一个人靠谱能做的很好，但一群人靠谱才能走的更远。
阴阳师：你永远不知道运气什么时候会砸向你。
魔兽世界：能陪你走过十二年的，不止朋友，还有艾泽拉斯。
贪吃蛇大作战：长大的我们渐渐失去了横冲直撞的勇气。
纪念碑谷：面对困难多转几个弯，总会遇见柳暗花明。
守望先锋：生活中并不缺少美，只是确实发现美的眼睛，热火朝天的战场中也有靓丽的风景。
愤怒的小鸟：失败时总有一群猪在嘲笑你，而他们不知道有再来一次。
俄罗斯方块：犯下的错误会积累，而成功会消失。
王者荣耀：垃圾游戏！",http://www.budejie.com/detail-27651112.html
本人姓项，设计院工程师一名，你们能体会公司各个美女都叫我项工的感觉么？ 特别是大办公室：项工，你来一下。靠，每次听的我都脸红。,http://www.budejie.com/detail-27699759.html
恋爱时，我爸一直不同意我跟老公的恋情，直到老公第一次进门拜访，脱了鞋子，我爸憋了口气说:小伙子，就冲这个味跟我闺女是一样的，人你领走吧！……,http://www.budejie.com/detail-27688365.html
告诉大家一个增肥秘方，一日三餐要吃到撑，要保证身边随时能吃到零食，薯片，虾条，巧克力等等……喝的水永远都是碳酸饮料可乐雪碧百事之类的……绝不喝白开水，睡前一定要吃夜宵吃到饱，羊肉串烤鸡翅鸡腿等等，因为我曾经就是这么胖起来的。,http://www.budejie.com/detail-27652240.html
"读书的时候，去军训同学们都害怕站军姿，天气已经很热了，经常有人晕倒！
一天，班主任来了，教官告诉班主任，我站军姿是表现最好的，一动不动，从未晕倒过。
班主任却指着我，对教官说:  那是他，上课罚站练出来的！……",http://www.budejie.com/detail-27679078.html
记得第一次去女朋友家，未来老丈人备了一箱啤酒。我想老丈人爱喝那必须陪着喝啊，于是爷俩一日三餐一人一瓶。我不善酒，特别不习惯早上和中午喝酒。到第三天我告饶说：叔，要不咱少喝两顿？老丈人说：好好，我也觉得喝得不舒服，以为你爱喝就陪你了。这句话想起来就觉得温馨，为热情而朴实的老丈人求赞。,http://www.budejie.com/detail-27660221.html
女生眼中的男生：长得一般的叫帅哥，长得好看的叫小哥哥，长得超帅的叫老公。,http://www.budejie.com/detail-27395794.html
无意中看到女友跟别人的聊天记录：大爷，常来家里玩呀。瞬间脑补出女友出轨我被绿了他们居然在家里那啥也不怕被我发现巴拉巴拉一大串……回过神来接着看，对方回复：好的大侄女,http://www.budejie.com/detail-27383539.html
记得有次假期回家的火车上，看到有个女孩侧卧在男孩腿上睡着了。窗外太阳挺大，帘子也不能完全挡住，然后男孩就悬着手掌帮女孩遮挡照在脸上的阳光。这个姿势维持了很久，直到那个女孩醒来后看到哭了，抽泣着问：你是不是想打我很久了？,http://www.budejie.com/detail-27387799.html
他暗恋她很久了，她也喜欢他。每次上晚自习，他总是看着她，可她却把头转过去看着窗外。有天他问她：“你知道我每天晚自习都在看你吗？”“嗯！”“那你为何还把头转过去？”“因为在玻璃里面我可以不害羞的看着你。”,http://www.budejie.com/detail-27386897.html
年近30的堂弟被大伯狠狠地揍了一顿！问其原因，原来是其家人给他安排了一场相亲，见面时女方对他印象不错羞涩地说：“我不介意你没有房，没有车，没有存款，只要你对我好就行！” 结果这货来了句：“你肚子里有赠品吗？”,http://www.budejie.com/detail-27383598.html
地铁上，看见一个女生穿着性感，非常漂亮，以至于令我有了非分之想。于是，经过激烈的思想斗争，我终于鼓起勇气，大胆地想了起来。,http://www.budejie.com/detail-27379083.html
当年高三我们班有一个哥们，白天睡觉，晚上自学，成绩一直前三名......结果高考的时候睡着了,http://www.budejie.com/detail-27377288.html
号称绝不结婚的男同学，孩子都会打酱油了，我们都很好奇是什么样的姑娘降服了他。他回忆了当年求婚的场景：“当时女友过生日，她吃蛋糕时突然吃到一枚钻戒，随即害羞地对我说：‘我愿意嫁给你。’后来我们就结婚了。”我们表示真浪漫，他叹息道：“是啊，即便是我，也无法拒绝一个自己掏钱买戒指藏在蛋糕里的女孩……”,http://www.budejie.com/detail-27374870.html
下雪了，出门见一大爷摔倒，我过去问：“大爷，我一月工资不到2千块，能扶您起来么？” 大爷：“小伙子，你走吧，我再等一会儿”。 我被感动的赶紧说：“大爷，那边有个法拉利就快过来了”。 大爷也激动说：“你这后生还算实在，干脆别走给我做个证人，完事给你买辆车上班开……” 天气虽冷，大爷的话却是暖暖的，满满的都是正能量。。。,http://www.budejie.com/detail-27374223.html
去叔叔店里帮忙，有客人结账，给我140块。客人很关心的说:小姑娘你看下一百的哈，别假了。我接过钱，很认真的看了一下确定真钱，才让他走。过了一会找别人钱，我才发现那两张20元是假的。。。,http://www.budejie.com/detail-27365924.html
大家好，我是屈原，哈哈哈哈哈哈哈哈哈哈哈哈哈哈哈哈哈哈哈哈哈哈哈哈哈哈哈，咳咳，没没没错，我就是屈原，当年我牺牲自己，为你们争取三天假期，你们是不是应该表示一下?每个姐夫给我一分钱就好，谢谢大家,http://www.budejie.com/detail-28147488.html
"“是不是要放假了？”
“放什么假？”
“五一放假啊！”
“五一我本来就有两天双休日我放什么假？”
“不是还有一天假吗？”
“还有一天我是用周六换的我放什么假？”",http://www.budejie.com/detail-27766912.html
当一个人不爱你的时候。你的撒娇就是作。你的吃醋就是小心眼。你的想念就是打扰。你的关心就是闲得慌。,http://www.budejie.com/detail-27711493.html
为什么中医理论里面，凡是天然的食物都有所谓的“功效”，就没有一种吃下去只是单纯的会饱的东西吗？,http://www.budejie.com/detail-27712445.html
"我们能从游戏中学到什么？
英雄联盟：你一个人靠谱能做的很好，但一群人靠谱才能走的更远。
阴阳师：你永远不知道运气什么时候会砸向你。
魔兽世界：能陪你走过十二年的，不止朋友，还有艾泽拉斯。
贪吃蛇大作战：长大的我们渐渐失去了横冲直撞的勇气。
纪念碑谷：面对困难多转几个弯，总会遇见柳暗花明。
守望先锋：生活中并不缺少美，只是确实发现美的眼睛，热火朝天的战场中也有靓丽的风景。
愤怒的小鸟：失败时总有一群猪在嘲笑你，而他们不知道有再来一次。
俄罗斯方块：犯下的错误会积累，而成功会消失。
王者荣耀：垃圾游戏！",http://www.budejie.com/detail-27651112.html
本人姓项，设计院工程师一名，你们能体会公司各个美女都叫我项工的感觉么？ 特别是大办公室：项工，你来一下。靠，每次听的我都脸红。,http://www.budejie.com/detail-27699759.html
恋爱时，我爸一直不同意我跟老公的恋情，直到老公第一次进门拜访，脱了鞋子，我爸憋了口气说:小伙子，就冲这个味跟我闺女是一样的，人你领走吧！……,http://www.budejie.com/detail-27688365.html
告诉大家一个增肥秘方，一日三餐要吃到撑，要保证身边随时能吃到零食，薯片，虾条，巧克力等等……喝的水永远都是碳酸饮料可乐雪碧百事之类的……绝不喝白开水，睡前一定要吃夜宵吃到饱，羊肉串烤鸡翅鸡腿等等，因为我曾经就是这么胖起来的。,http://www.budejie.com/detail-27652240.html
"读书的时候，去军训同学们都害怕站军姿，天气已经很热了，经常有人晕倒！
一天，班主任来了，教官告诉班主任，我站军姿是表现最好的，一动不动，从未晕倒过。
班主任却指着我，对教官说:  那是他，上课罚站练出来的！……",http://www.budejie.com/detail-27679078.html
记得第一次去女朋友家，未来老丈人备了一箱啤酒。我想老丈人爱喝那必须陪着喝啊，于是爷俩一日三餐一人一瓶。我不善酒，特别不习惯早上和中午喝酒。到第三天我告饶说：叔，要不咱少喝两顿？老丈人说：好好，我也觉得喝得不舒服，以为你爱喝就陪你了。这句话想起来就觉得温馨，为热情而朴实的老丈人求赞。,http://www.budejie.com/detail-27660221.html
女生眼中的男生：长得一般的叫帅哥，长得好看的叫小哥哥，长得超帅的叫老公。,http://www.budejie.com/detail-27395794.html
无意中看到女友跟别人的聊天记录：大爷，常来家里玩呀。瞬间脑补出女友出轨我被绿了他们居然在家里那啥也不怕被我发现巴拉巴拉一大串……回过神来接着看，对方回复：好的大侄女,http://www.budejie.com/detail-27383539.html
记得有次假期回家的火车上，看到有个女孩侧卧在男孩腿上睡着了。窗外太阳挺大，帘子也不能完全挡住，然后男孩就悬着手掌帮女孩遮挡照在脸上的阳光。这个姿势维持了很久，直到那个女孩醒来后看到哭了，抽泣着问：你是不是想打我很久了？,http://www.budejie.com/detail-27387799.html
他暗恋她很久了，她也喜欢他。每次上晚自习，他总是看着她，可她却把头转过去看着窗外。有天他问她：“你知道我每天晚自习都在看你吗？”“嗯！”“那你为何还把头转过去？”“因为在玻璃里面我可以不害羞的看着你。”,http://www.budejie.com/detail-27386897.html
年近30的堂弟被大伯狠狠地揍了一顿！问其原因，原来是其家人给他安排了一场相亲，见面时女方对他印象不错羞涩地说：“我不介意你没有房，没有车，没有存款，只要你对我好就行！” 结果这货来了句：“你肚子里有赠品吗？”,http://www.budejie.com/detail-27383598.html
地铁上，看见一个女生穿着性感，非常漂亮，以至于令我有了非分之想。于是，经过激烈的思想斗争，我终于鼓起勇气，大胆地想了起来。,http://www.budejie.com/detail-27379083.html
当年高三我们班有一个哥们，白天睡觉，晚上自学，成绩一直前三名......结果高考的时候睡着了,http://www.budejie.com/detail-27377288.html
号称绝不结婚的男同学，孩子都会打酱油了，我们都很好奇是什么样的姑娘降服了他。他回忆了当年求婚的场景：“当时女友过生日，她吃蛋糕时突然吃到一枚钻戒，随即害羞地对我说：‘我愿意嫁给你。’后来我们就结婚了。”我们表示真浪漫，他叹息道：“是啊，即便是我，也无法拒绝一个自己掏钱买戒指藏在蛋糕里的女孩……”,http://www.budejie.com/detail-27374870.html
下雪了，出门见一大爷摔倒，我过去问：“大爷，我一月工资不到2千块，能扶您起来么？” 大爷：“小伙子，你走吧，我再等一会儿”。 我被感动的赶紧说：“大爷，那边有个法拉利就快过来了”。 大爷也激动说：“你这后生还算实在，干脆别走给我做个证人，完事给你买辆车上班开……” 天气虽冷，大爷的话却是暖暖的，满满的都是正能量。。。,http://www.budejie.com/detail-27374223.html
去叔叔店里帮忙，有客人结账，给我140块。客人很关心的说:小姑娘你看下一百的哈，别假了。我接过钱，很认真的看了一下确定真钱，才让他走。过了一会找别人钱，我才发现那两张20元是假的。。。,http://www.budejie.com/detail-27365924.html
大家好，我是屈原，哈哈哈哈哈哈哈哈哈哈哈哈哈哈哈哈哈哈哈哈哈哈哈哈哈哈哈，咳咳，没没没错，我就是屈原，当年我牺牲自己，为你们争取三天假期，你们是不是应该表示一下?每个姐夫给我一分钱就好，谢谢大家,http://www.budejie.com/detail-28147488.html
"“是不是要放假了？”
“放什么假？”
“五一放假啊！”
“五一我本来就有两天双休日我放什么假？”
“不是还有一天假吗？”
“还有一天我是用周六换的我放什么假？”",http://www.budejie.com/detail-27766912.html
当一个人不爱你的时候。你的撒娇就是作。你的吃醋就是小心眼。你的想念就是打扰。你的关心就是闲得慌。,http://www.budejie.com/detail-27711493.html
为什么中医理论里面，凡是天然的食物都有所谓的“功效”，就没有一种吃下去只是单纯的会饱的东西吗？,http://www.budejie.com/detail-27712445.html
"我们能从游戏中学到什么？
英雄联盟：你一个人靠谱能做的很好，但一群人靠谱才能走的更远。
阴阳师：你永远不知道运气什么时候会砸向你。
魔兽世界：能陪你走过十二年的，不止朋友，还有艾泽拉斯。
贪吃蛇大作战：长大的我们渐渐失去了横冲直撞的勇气。
纪念碑谷：面对困难多转几个弯，总会遇见柳暗花明。
守望先锋：生活中并不缺少美，只是确实发现美的眼睛，热火朝天的战场中也有靓丽的风景。
愤怒的小鸟：失败时总有一群猪在嘲笑你，而他们不知道有再来一次。
俄罗斯方块：犯下的错误会积累，而成功会消失。
王者荣耀：垃圾游戏！",http://www.budejie.com/detail-27651112.html
content,link
检查小外甥写作业，看到用“云”组词，我看他写的是“马云”。我本想说不能用人名组词的，就问你还知道“马云”?小外甥说那是“乌云”。,http://www.budejie.com/detail-30675976.html
有一次上生物课老师讲植物，二货同桌问我：你知道最高级的植物是什么吗?我想了半天没想出来。同桌得意的说：不知道吧，植物人啊!植物人。。。。植物人。。。,http://www.budejie.com/detail-30674677.html
有一次酒喝高了，回家时，不知道为啥邻居家的狗咬了我，我被送去打了狂犬疫苗.....第二天酒醒了，我妹说：大黑坐在台阶上，你为什么过去和它并排坐着，还硬搂它脖子，要对着它耳朵说悄悄话？,http://www.budejie.com/detail-30214806.html
用付款码向商家付款是不需要密码的，要是有人拍下付款码，是不是就可以用我的钱来买东西了还找不到的那种,http://www.budejie.com/detail-29839536.html
"我有个男同学处了个对象，后来他俩黄了。我说：""为啥黄的？是不是不总去她家啊？""他说：""我天天去！""我：""去了都干啥了？说来听听！""他：""还能干啥？我女友看电视，我陪她妈聊天，她妈可愿意和我聊天了，一天不去都打电话叫我！""我：上学时语文老师就说你抓不住重点，看来果然没说错！""",http://www.budejie.com/detail-29836394.html
年轻人下班回家，发现新婚妻子在发愁。我真是没用，她说，我刚才替你熨那套西装，把裤子臀部烧了个大洞。不要紧，她丈夫安慰说，那套衣服我多备了一条裤子。对，妻子高兴起来说，幸亏这样，我用那条裤子把烧的洞补上了。,http://www.budejie.com/detail-30032745.html
“当初是你要分开，分开就分开。”这句歌词一定是男人写的。如果是女人写，歌词应该这样：“当初是我要分开，你还真分开？”,http://www.budejie.com/detail-30032724.html
老爸回老家四天还没回来！我给老爸打电话“爸，回来吧，老妈做的饭太难吃了，我都吃不下饿瘦了”“傻闺女瘦了好看，再说家里还有事回不去。”“我妈都瘦了一圈了！”“啥，你这个死丫头，赶紧给你妈叫份外卖，我马上回去给你妈做饭，你妈可不能瘦，瘦了又得花钱买衣服，”呃……,http://www.budejie.com/detail-30032860.html
新婚不久，老妈来家里，见家里凌乱之极。便狠狠数落了老婆一顿，老婆非常委屈，待老妈走后，抄起手机就给岳母打电话诉苦……哭诉了半天，对方一句话没有说。未了来了一句：“下回看好了号码再打，我是你婆婆。”,http://www.budejie.com/detail-30033029.html
我哥1米85的大个子，谈了个娇小的女友，1米5，微胖。 某天早上，他俩手拉手出门帮大家买早点，早上有点雾，我奶奶眼睛又老花，只听她在三楼冲我哥大声喊：“大清早的，你拉着皮箱要去哪里啊？”,http://www.budejie.com/detail-30025056.html
小弟上小学，酷爱数学，成天埋首数学题中。一天，正好播放《大明宫词》，舅舅问他：“武则天是谁？”小弟头也不抬，说：“五则添，四则舍，这还用问吗？”,http://www.budejie.com/detail-30024870.html
在餐馆吃饭，看见对面不远处有一美女，我喜欢的类型，正在想着怎么搭讪，这时美女已经吃完起身往外走了，可是我还没想好，竟然不知所措了，正当美女走到我身边时，我竟然不由自主的伸出腿，把她绊倒了，倒了。,http://www.budejie.com/detail-30024853.html
下午做头发，因为我上午才洗过头，理发师说不用洗了，头发打湿点就行，然后拿一个喷壶往我头发上喷水，我看着喷壶，心里有种说不上来的奇怪感觉。理发师往我头上喷完水，转身用喷壶浇起了花……,http://www.budejie.com/detail-30024644.html
婆婆送了本菜谱给媳妇，意图让媳妇学会做菜。结果媳妇很腼腆跟婆婆说：妈您太客气了，您每天那么累，还让我点菜做给我吃，这不太合适呀！,http://www.budejie.com/detail-29961244.html
你童年最喜欢吃的一款小零食是什么？只能说一款,http://www.budejie.com/detail-29835552.html
刚刚看到一对情侣在路灯下吵架，男孩为了挽回芳心，居然跪了十分钟。没骨气，真TM怂，我当年可刚烈了，足足跪了一个通宵！,http://www.budejie.com/detail-29930002.html
每个周末催孩子做作业都是一场恶战。儿子今天趴在地上对爸爸说道：“读书最没有用了，我读六年书，一分钱也没挣着。我这六年要是用来当乞丐，都不知道赚了多少了。”爸爸气愤地冲他喊：“你去要啊去要啊!”儿子低声说：“这个你要想好了，我面前那张纸会不太吉利，至少会写四个字：父母双亡……”.,http://www.budejie.com/detail-29955730.html
地球的年龄是怎么计算出来的？,http://www.budejie.com/detail-29834695.html
结婚时，媳妇带来一个小瓶子，说以后的日子，每惹她哭一次，就往瓶子里滴一滴水，等哪天，瓶子满了，心也一定死了，会毫不犹豫地离开我。前几天我偷偷给那瓶子灌进两大勺水，被媳妇发现了……,http://www.budejie.com/detail-29893336.html
一天同学聚会，都说自己工资有多高多高，问道我时我弱弱说：少的可怜，就3000块。大家都笑话我说：确实少的可怜。最后我补了句：老婆发的。全场瞬间沉默，然后惊呼：这才叫土豪啊。。。,http://www.budejie.com/detail-29857978.html
女孩子如果遇到劫色，请不要慌张，应该主动帮对方脱裤子，把裤子脱到鞋子的位置，然后转身撒腿就跑，对方肯定追不上你，不用谢我,http://www.budejie.com/detail-29709672.html
"一直弄不明白一件事，为什么陪嫁要比男方来的还要多？
爹妈养育女儿二十几年，就像网上说的“花钱的时候在娘家，挣钱的时候在婆家""
男方给了3w的彩礼，我爹妈说为了我过去日子可以好一点，
在彩礼的基础上加了2w，让我不要嫌少，
我当时有点惊讶，
我不懂为什么要加钱，男方给的彩礼本来就是孝敬我父母的，
我都嫁到他家为他生儿育女了，为什么我还要带上2w的钱回去？
难道这不算是倒贴？这个道理不是很懂，
给了彩礼就一定要返回嫁妆吗？如果不返回的话就会被男方家看不起？",http://www.budejie.com/detail-29707105.html
我问老婆：“假如你有阿拉丁神灯，你会许什么愿望？”老婆说：“我会说，‘比我漂亮的人都死去吧！’”我无奈道：“瞬间，世界上就剩下你一个女人了！”,http://www.budejie.com/detail-29704130.html
中午裸睡，一只苍蝇在LZ蛋蛋上停了一会儿又飞走了，全程被媳妇看见了，然后媳妇就趴在蛋蛋旁边观察了很久，我就好奇的问一下她在干嘛。媳妇回答：苍蝇不叮无缝的蛋啊，我看看是不是裂了…,http://www.budejie.com/detail-29700720.html
去买咸鱼，问老板：“这鱼怎么涨价了？”老板说：“这一批是有梦想的咸鱼，比较贵！”,http://www.budejie.com/detail-29702518.html
来我问大家个问题。周瑜的老婆是小乔，小乔的姐姐是大乔，大乔嫁给了孙策，孙策的妹妹叫孙尚香，孙尚香嫁给了刘备，刘备的儿子叫刘禅，刘禅的皇后是张星彩，张星彩的妈妈是夏侯娟，夏侯娟是夏侯渊的女儿，夏侯渊的哥哥叫夏侯惇。那么请问周瑜叫夏侯惇什么？,http://www.budejie.com/detail-29700337.html
我有两个问题    第一个：为什么一不小心咬到了舌头很疼，可是故意咬却一点都不疼    第二个：为什么你现在在咬舌头A»}wA»}w,http://www.budejie.com/detail-29696423.html
上学时以为自己是鲁迅，后来觉得是闰土，再后来发现自己就是个叉，踏入社会发现就是个猹，到最后发现连个猹都算不上就他妈是个瓜……?,http://www.budejie.com/detail-29696376.html
趁着合租的女生在洗澡，我偷偷溜进她的房间拿起了她的衣服嗅了起来。她突然进来了，我丢掉了她的衣服，把她逼到墙角，她害羞的说：你要怎么样？然后我深情的望着她的双眼，大声说到：你TM是不是偷用我洗衣粉了？,http://www.budejie.com/detail-29691968.html
买贵的东西时，就把价格除以365天。一天才几块钱，如果还嫌贵的话就除以两年。,http://www.budejie.com/detail-29681565.html
老师：“为什么我听到有人在说话。”我：“因为你……有耳朵？”,http://www.budejie.com/detail-29682445.html
"你见过被辅导写作业的孩子，写个草字头就卡住，脑子开始放空吗？
所以打孩子的目的不是为了孩子，而是为了自己不会得脑淤血！",http://www.budejie.com/detail-29682533.html
哥哥嫂子都是暴脾气，两人动不动就开火。于是我劝哥哥，下次要发脾气前，你试试深呼吸然后默念10遍“不要发脾气”，让火气消下去。昨晚嫂子又为了一点小事生气一直吧啦吧啦念叨，哥哥想起我的话，深吸一口气嘴里开始默念。。。嫂子见状一巴掌招呼过去：你居然敢念咒语咒我！,http://www.budejie.com/detail-29683210.html
放学回家，同学的爸爸顺路车带我，于是我叫叔叔发一条短信给我妈妈报平安。。。回家后发现妈妈抱着手机哭的梨花带雨，我问怎么啦？妈妈一把抱住我，给我看手机上那条破短信，写着：“是XXX（我的名字）的妈妈吗？不用担心，你儿子在我手上。。。”,http://www.budejie.com/detail-29682448.html
小明去面馆吃了份五块钱的面，给了老板十块钱，老板在找了90。回家后小明对妈妈说：“妈妈我今天去吃面，老板是个傻子，我给了他十块钱，他找了我90。” 妈妈也很开心，问到底是哪个面馆啊， 小明说：“就是对面的王记拉面啊。” 妈妈脸色一变，缓缓的说道：“以后没钱就去那吃面吧，还有，以后不许叫他傻子。”,http://www.budejie.com/detail-29683150.html
“瘦子蹲，瘦子蹲，瘦子蹲完胖子蹲。”“胖～子～蹲～，胖～子～蹲～，胖子。。。。快来扶我一把，站不起来了。”,http://www.budejie.com/detail-29681111.html
遇到一个我不可能配得上的女孩，但是人家对我很好，每次坐在一起吃饭，我都不知道说什么好，怎么做才好，她的性格很温柔，又大方，也没有拒绝过我，我们生活的阶层，消费水平都是一天一地，求姐夫们把我骂醒吧，我已经失眠4天了，我想给她她想要的生活，但是我明白自己有几斤几两,http://www.budejie.com/detail-29637424.html
考试转用，三短一长选最长，三长一短选最短，参差不齐c无敌，两长两短就蒙d，全都不会就蒙b,http://www.budejie.com/detail-29687355.html
我依稀记得那天晚上我躲在被窝用平板电脑看爱情动作片，但却发不出任何声音，把音量调至最大也无济于事，就在我琢磨自己平板电脑为什么没有声音的时候，这时妹妹一手把蓝牙音箱摔到我头上，“有我了还看这个干嘛？”,http://www.budejie.com/detail-29511308.html
妹子一枚，回家前去买了身衣服烫了头发，拉着箱子到楼下。实在是重就打电话告诉我爸下来接我。我爸很意外，高兴地下楼来，我冲上去撒娇地挽着我爸的手。刚进楼梯道没两步就被扯着头发打倒在地。就听我妈一边踢一边喊：“叫你勾引我老公！叫你勾引我老公！”。。。不说了，多说是泪。,http://www.budejie.com/detail-29637413.html
"伦纳德给詹姆斯的回信。
乐邦吾兄：见字如面。劳烦詹兄挂念，总决一别，竟五载有余，恍如隔世之感。五年前，詹兄与我，各为其主，虽兵戎相见，但互有胜算，未伤和气。遥想当年詹兄英姿飒爽，君临天下之势，江湖中无出其右。詹兄谋略，愚弟深感佩服。奈何造化弄人，如今詹兄落草洛城，重整兵马，以图东山再起。我亦远走天寒地冻北境之城，险些落得叛徒骂名，令人嘘嘘不已......今江湖风云再起，布鲁克林，狼子野心，昭然若揭。密尔沃基新贵，虎视眈眈。航天城三度折戟，必会知耻后勇。圣城若有吾恩师坐镇一日，便永不可小觑。波特兰双雄，铮铮铁骨。盐湖城军军纪严明，民风彪悍。金州勇士即使雄风不在，也是百足之虫。洛城有詹兄运筹帷幄，有浓眉大将披荆斩棘，有师弟做谐星，尽享军民一家亲之乐。洛城军亦颇具王者之师。然当世想称霸武林，绝非易事。兵书有云“抱团者，得天下”，古人诚不欺我。愚弟不才，得詹兄抬爱，受宠若惊。每每读阅詹兄来信，心潮澎湃。实不相瞒，愚弟心有归属。择良辰吉日，吾舅会昭告天下吾之去所。江湖路远，后会有期。
弟伦纳德。",http://www.budejie.com/detail-29632154.html
在家吃薯片，我们家的金毛可怜巴巴的盯着我。就是不给它吃，馋的它流口水！过了会它把它的玩具球叼过来蹭我，意思是让我抛给它玩。抛了一会儿球被狗弄到沙发底下了，它在那狂吠，于是我随手把薯片放沙发上，爬地上到沙发底下找球。好不容易把球弄出来了，回头一看尼玛我的薯片呢？看见汪星人在角落里狂吃我的薯片！瞬间觉得我不适合养金毛了！,http://www.budejie.com/detail-29689474.html
今天的电动车坐垫格外烫腚🔥！马路边兰博基尼的副驾依旧是我难以企及的梦想。微风吹过我的脸庞，我有些迷茫。多希望能有一位大哥能够看透我所有逞强，让我卸下伪装。走近他500平米的心房！,http://www.budejie.com/detail-29683497.html
昨天去公司入职，安排宿舍的时候，宿管说男宿舍住满了，女生宿舍还有空床，你要不要住，我心里不愿意但是找份工作不容易，迁就几天吧，于是我一个男生被带到了女生宿舍，被安排在了上铺，算上我一共八个人，都是20多岁的妹子，我搬到宿舍后，原本死死沉沉的宿舍立刻活跃了起来，妹子们给我铺床的铺床，打洗脚水的打洗脚水，捶背的捶背，边干边问我她们几个谁最好看，我有没有对象，有也没关系，晚上睡觉的时候，她们都围在我床前，挣着要陪我，吓的我在厕所蹲一夜。今晚上回去我该怎么办啊。,http://www.budejie.com/detail-29511377.html
“哥，为什么每次嫂子一打你，你就满地打滚？丢人不！”“我那是在报复她。”“是么，怎么报复的？”“我虽然打不过她，可衣服都是她洗呀！”,http://www.budejie.com/detail-29687874.html
我家里是卖跌打酒的，老爸经常带我去赶大集，为了显示我家的跌打酒好使，老爸经常当着众人的面用棍子打我，打得半死，然后抹跌打酒……他们问我:“你爸打你，你不疼吗，怎么不跑？”我:“他打我是为了赚钱，我是家里的独生子，那些钱，早晚是我的！”,http://www.budejie.com/detail-29533921.html
现在某些公司定下了很多奇葩规定，让人简直受不了。我们这里有一名男子，就因为他性取向的问题，公司把他开除了。这个社会男多女少。他又不抢你们的妹子。为什么不能容下他？,http://www.budejie.com/detail-29530665.html
"小姨子跟姐夫说：我要跟你睡。
姐夫大惊说：你不能跟我睡的。
小姨子说：那我姐咋能跟你睡？
姐夫无语，只好一把抱住小姨子说：好吧好吧，今年可以跟姐夫睡，明年上幼儿园了就不行了哈。",http://www.budejie.com/detail-29615994.html
高考成绩出来了，看着别人考了600多分，自己只考了200多，恨自己没用，气的我一掌拍在我的兰博基尼方向盘上，掉出了两节南孚电池……,http://www.budejie.com/detail-29529629.html
现在热议的人生三个阶段：“知道父亲是普通人，知道自己是普通人，知道孩子是普通人”～其实想想，不就是“三十而立，四十不惑，五十而知天命”的意思嘛……,http://www.budejie.com/detail-29615002.html
烦一个人可以到什么地步呢？他发微信我不回。他发红包我也不收！  然后等到下半夜睡不着的时候再把红包收了简单的问一句:干嘛。,http://www.budejie.com/detail-29529516.html
班上的同事之间都是说说笑笑，没事皮一下的     我老公和我一个公司的，在外地上班   伟大的分割线     一天，刘，男，见到我，笑着说，你老公让我给你捎回来几个吻，你看咋给你？我说，咋给我不要紧，我想知道的是他怎么给你的？,http://www.budejie.com/detail-29529545.html
说白了异地恋图你什么呢？因为距离 图不到你的钱 也不能每天和你在一起 每天抱着手机等你信息孤独的生活  拒绝身边的其他人 愿意一直这样坚持下去 是因为想和你有个未来 我们都足够成熟也足够理智 没有人愿意用自己的感情去赌一个不确定的未来 但因为那个人是你 所以我愿意 但愿异地恋不会这么糟糕,http://www.budejie.com/detail-29617297.html
小时候，我妈教我学东西，我学不会，我妈就打我。长大后，我教我妈学东西，我妈学不会，她还是打我，请问，这是什么原理？？谁能给我解释一下？,http://www.budejie.com/detail-29601377.html
一个男人 什么叫失败 没钱 事业还不顺  谈恋爱不敢 还有什么？,http://www.budejie.com/detail-29601632.html
"今天坐公交没零钱，于是在旁边的商店买了个五香豆干一块钱，给了一张一百的，老板一看哎哟一下正要说啥。
机智的我赶紧把香肠咬一口。
老板无奈的叹气开始找钱！
嘿嘿………………",http://www.budejie.com/detail-29574573.html
"我老婆是某航空姐。
她很漂亮，身材高挑，168。
当年偶然一次出差认识的。我记得当时我睡着了，她正在发餐。
她那清脆的声音将我叫醒了，非常的好听。我睡眼惺忪的看着面前那红润的脸蛋，瞬间沦陷了。
傻乎乎的接过了餐点，看着她那背影，那纤瘦的背影配上那美妙的制服…
整个人都是傻的，我是一直看着她发完餐点，那一刻我便做了个大胆的决定。
当飞机停下来的时候，我坐立难安的找着那个空姐的身影，可能上天眷顾我吧。她正站在机舱口，我排着队，看着离她越来越近，心跳都是越来越快。
眼看着我马上要和她擦肩而过了，我全身有种失重的感觉。感觉再不问，可能她就要成为别人的老婆了，我扭捏的停了下来，紧张的转过头，她看到我这个反应先是一个春风化雨的微笑。
她的微笑真的很有魔力，感觉她的微笑像是力量冲击进入我的身体，我深吸一口气，鼓足勇气问她能不能加微信。
她的回应依然是个微笑，我感觉有些话说出口此生足矣。那一刻整个人都释然了，毕竟做过了哪怕失败了都无所谓。
当我准备离开的那一刻，感觉手心传来一阵说不出的清凉，那种美妙的触感在我指尖划过。我看着手心，里面有张小纸条…
我看着她，她依然是那个招牌微笑。
那一刻的心情简直难以言喻，整个人像是小孩一样活蹦乱跳的跑出去。我也顾不上周围旅客的眼光了，我只想赶紧找个没人的地方打开这张纸条。
我快速的朝厕所跑去，可是刚要进去停了下来。我在思考，这是她给我的纸条，她的味道怎么能被厕所臭味玷污，我不能在男厕所打开。
于是我走了出来左顾右盼，我看着不远处的肯德基。当我要走进去的那一刻我停了下来，我看着那个白胡子老头，那色呸的眼神让我浑身不适。
于是我紧攥着纸条再次左顾右盼，怎么办，我该怎么办。她给我的纸条我到底该去哪里看！
那一刻，我感觉都快急疯了。我知道爱情不等人，可我偏偏像个废人一般在错过爱情。
不行，我不能再等了。
我急促的打开纸条，上面写着：
“你能看到这里，你也是真的牛逼！”",http://www.budejie.com/detail-29571316.html
这段话说的太好了！“嘴不饶人心地善，心不饶人嘴上甜；心善之人敢直言，嘴甜之人藏谜奸；宁交一帮抬杠的鬼，不结一群嘴甜的贼。”,http://www.budejie.com/detail-29081227.html
从一个朋友那听说，她要结婚了，我连夜开车600公里，赶到她楼下，看到她楼下门上的喜子，房间的灯还亮着，我不敢去打扰她，我从车里拿了几瓶啤酒，坐在她家楼下的公园椅子上，酒喝完了，一包烟抽完了，天也快亮了，汽笛生从大老远传来，我知道接她的车来了，今天她就要成为别人的新娘了，可惜新郎不是我，车队走了，我一直跟在后面，突然手机来了一条短信，是……她发过来的，她说“别送了，下辈子我在嫁给你，忘了我吧。那天我的心像无数根针扎一样疼，我哭了，很伤心。后来从一个朋友那听说，她那天晚上一直在窗帘后面看着我喝酒抽烟，哭了一晚上……祝她幸福 虽然新郎不是我，但是新娘……我爱过.....,http://www.budejie.com/detail-29061033.html
一位大巴车司机，正在高速公路上行使时突然对车里的乘客说：大家注意了，把安全带带好，抓稳可抓的东西。这时乘客惊讶的问：司机怎么啦，车子坏了吗？司机说：前面那辆轿车的女司机时不时把头伸出窗外到处望，打着右转弯灯却不停地向左拐，两个倒后镜收了起来，我不知道她接下来究竟要干什么…………,http://www.budejie.com/detail-29071567.html
小时候老妈给我姐两毛钱让她带着我到小店买泡泡糖吃，那时一毛一颗，我姐买了两颗全部自己吃，等她嚼腻了再给我吃，我问她为什么嚼了再给我，她说：我先验验有没毒，那时真心觉得姐姐好，这就是亲姐。,http://www.budejie.com/detail-29682417.html
随着年龄的增长，猛然发觉，那些曾经你无比珍视的东西开始变的无关紧要，到底是什么改变了一切,http://www.budejie.com/detail-29680369.html
如果人类是病毒，地球是否是超出人类认知的一种生命……,http://www.budejie.com/detail-29680422.html
今天老姐突然问我：“老弟，你年龄也不小了，我有个闺蜜，人很温柔，从没谈过恋爱，长得很漂亮，要不我给你介绍一下吧？”我：“姐，你以前不是说过，我不能对你闺蜜打歪主意吗？”老姐：“这个贱人，欠我钱不还，我要让她嫁给一个又丑又懒又馋毛病又多的男人，生不如死！”,http://www.budejie.com/detail-29682012.html
儿子学校开联欢会，中间有亲子互动节目，我老婆比划，儿子来猜动物。其中一个动物是蛇，我老婆提示，一个字，是这样行走的。说着我老婆浑身蜿蜒曲折的扭动身体。结果我儿子说：“蛆。”,http://www.budejie.com/detail-29682014.html
傍晚在公园溜达，看到一对夫妻吵架，男的手举过头顶对天发誓“若是如何如何，我天打雷劈”，当时心想拍下这感人的一幕，于是我掏出手机，却忘了关闪光灯，咔嚓一声，那男的突然就跪下了，抱着女的大腿“老婆，我错了，我撒谎了……”,http://www.budejie.com/detail-29682020.html
这些年，我爸总是让着我妈，昨天他们爆发了世界大战，老妈：我不过了，离婚，这日子没法过了……老爸咆哮了：不过就不过，离就离，谁不离谁孙子，房给你，车给你，儿子也给你！……我也给你！我刚喝的水就喷出来了…,http://www.budejie.com/detail-29682034.html
我送儿子去幼儿园，旁边一个妈妈哭的稀里哗啦！我递纸巾给她：“都舍不得！别难过了，让你孩子看到了就不好了！”她接过纸巾：“我不是难过！四年了，整整四年了，我终于可以自由一天了，呜呜呜,http://www.budejie.com/detail-29682039.html
现在的人真没素质！昨晚没睡好，今天坐在公交车里直打瞌睡，结果后面的人一直瞎嚷嚷乱叫，吵醒我好几次，妈的，亏我性子好，真逼急了哥，这司机我不干了,http://www.budejie.com/detail-29667064.html
这个世界根本不存在“不会做”、“不能做”，只有“不想做”和“不去做”，当你失去所有依靠的时候，你自然就什么都会了,http://www.budejie.com/detail-29662403.html
媳妇儿总爱偷偷发她闺密姐妹的私房照给我，每次看了我都会淡淡地说：“没你身材好！”然后她就很高兴，于是我也很高兴...,http://www.budejie.com/detail-29652076.html
媳妇的教练突然打电话过来：“你老婆开车下陡坡撞墙了，赶紧带钱到医院来！”楼主脑袋一嗡赶紧问：“她撞的怎么样了？”教练：“她跳车跑了！”楼主松了口气说：“那就好，那…那医院我也不用去喽？”教练火了：“特玛的我们都在医院里呢！”,http://www.budejie.com/detail-29651824.html
“每次吃多了就有一种负罪感，总觉得还是少吃一点比较合适。”“是啊，总是担心会长胖。”“不，我是因为偷吃室友零食。”​​​,http://www.budejie.com/detail-29651722.html
我今年三十岁，普普通通的打工仔，一个月三四千，可我依然过得挺好，不知道几线的小县城，可是梦想都实现了，我小的时候经济条件还不是很好，那时候手机还不是很普遍，大部分都是固话，我特别喜欢手机，十八岁辍学外出打工，出去打工前父亲给我买了手机，那时候我这年纪的都喜欢待在网吧里，二十岁时候自己的工资买了笔记本，再后来同学慢慢开始结婚有的买房有的直接在农村盖房，可我不想以后回农村，二十四岁家里又给买了房子，二十六结婚时候感觉还差辆车，所以又买了辆车，二十七岁有了闺女，我现在挣钱也不多，可是我父母健康，夫妻恩爱，闺女听话，车房无贷款，感觉这就是最大的幸福,http://www.budejie.com/detail-29642772.html
姐姐姐夫带着我小侄子上我家打麻将。 小侄子在一旁无聊，装哭，大家都知道是装的，就没人搭理他。 他各种声音各种方式的嚎啕大哭了一阵后，对他妈妈说：“妈，等你去世的时候，你看我用哪个声音哭你会比较喜欢？”,http://www.budejie.com/detail-29511449.html
"一个定律：
越是热情就会越不被珍惜，
你越是费尽心思的去取悦一个人，
那个人就越有可能让你痛彻心扉。
记住一句话：别爱太满，物极必反。 ​​​​ 
——匿名（负能墙）",http://www.budejie.com/detail-29642557.html
喂？您好，是电话局吗？是这样的，我这边电话线太长了哎，你们那头能不能拉过去一点？,http://www.budejie.com/detail-29662818.html
姐夫们求一首藏头诗，喜欢一个女孩叫方卉！4年的姐夫第一次求支援,http://www.budejie.com/detail-29658878.html
凌晨一点，城市的夜行动物们结束了一天的工作，回家卸妆，纷纷露出素颜，这就是传统的丑时。,http://www.budejie.com/detail-29667529.html
一富商有两个儿子，他要决定其中一人继承财产，就把大儿子和小儿子都叫过来给他们一人一颗种子，指着花盆∶“谁的花盆里的花长得快，谁就赢了。”几个月后，他们把盆拿过来了，大儿子的盆长出了花，小儿子的人没有长出花。他问小儿子原因，小儿子∶“种子是熟的，长不出来。”富商∶“那你就不能换一个种子嘛。”,http://www.budejie.com/detail-29663113.html
我们这期学驾驶的都是年轻人，为了方便与教练管理和联系，建了一个群！今天是个大喜的日子，全体学员都通过了科目二，为了庆祝，群主做的第一件事就是将教练踢出群！,http://www.budejie.com/detail-29854784.html
"分手那晚，她喝多了，男友抱着送她上车，最后说了句“珍重”。
她感觉他还是爱她的，于是一直期待着与他和好。
直到有一天，男友的朋友告诉他，他那天说的其实是“真重”……",http://www.budejie.com/detail-29858245.html
大海真的太恐怖了，当年泰坦尼克号出海的时候，我喉咙都喊哑了，不让他们出海。非但不听，居然还把我从电影院赶了出来。,http://www.budejie.com/detail-29895116.html
"不明白了电视里，古代那些大侠一出去，就是两斤酱牛肉一壶好酒，每天最少三顿...
放眼前，二斤酱牛肉一百多块钱，一壶酒就算十块钱，一月一万多。
还经常阔绰的周济贫苦百姓，我真想问他们都是做什么工作的？",http://www.budejie.com/detail-29855557.html
老两口抱着孙子在街上逛，迎面碰上一中年妇女：真可爱，多大了？老太太抢先回答：再过两个月就六十五啦。,http://www.budejie.com/detail-29875663.html
说实话，最怕灯厂的车，刹车灯晃眼，远光灯刺眼。有次一辆A8跟我后头，那远光灯照得我开不了车，我停车把他截停，一问，人家开的近光，俩人研究了半天，那大哥突然激动的说，“兄dei，我知道了，是你的布加迪底盘太低了。”,http://www.budejie.com/detail-29836376.html
"早晨去楼下买油条，大妈说要2.5元一根。
我说:“昨天不是2元一根吗？
大妈说：“因为猪肉涨价了。”
我说：“猪肉涨价，关你油条什么事”
大妈说：“ 因为我想吃猪肉。”
………………瞬间觉得大妈说得好有道理！",http://www.budejie.com/detail-29901031.html
"老王：你怎么秃顶了？
我：媳妇遗传的。
老王：啥意思？
我：岳母一生气就揪她男人头发，她闺女学会了。",http://www.budejie.com/detail-29814911.html
所谓表白，无非就是你兜里揣着一个苹果，去问对方喜不喜欢苹果，而对方有喜欢橘子鸭梨猕猴桃菠萝草莓等等N种可能，这种情况看运气。而有的人不一样！他们兜里揣的是金条。。,http://www.budejie.com/detail-29752836.html
"你问我游戏重要还是女朋友重要？
你是不是傻.
游戏没了可以重来.
但是女朋友没了.
.
.
.
.
.
.
游戏就可以一直玩了.",http://www.budejie.com/detail-29752862.html
"成年了才觉得， 一个男人长的帅不帅，其实并不是那么重要。 更多的是他的能力，担当，责任，稳重……才能吸引女孩子。
不主动联系你！不是因为你不重要！是我不知道我重不重要……",http://www.budejie.com/detail-29745445.html
如果你真的懂过我 在我咄咄逼人嘴不饶人那一刻  你就该知道 我到底有多难过 ​​​,http://www.budejie.com/detail-29748460.html
所谓表白，无非就是你兜里揣着一个苹果，去问对方喜不喜欢苹果，而对方有喜欢橘子鸭梨猕猴桃菠萝草莓等等N种可能，这种情况看运气。而有的人不一样！他们兜里揣的是金条。。,http://www.budejie.com/detail-29748448.html
上课的时候，老师写出五个字：烟锁池塘柳。让同学举例子，说出五个字，带金木水火土。室友流着口水说到：深圳铁板烧。。。,http://www.budejie.com/detail-29747235.html
爱初始是水，甘甜无味，渐渐的变成了各种饮料，越喝越渴，越渴越渴，回头想喝水，淡而无味，只剩两字“嫌弃”……,http://www.budejie.com/detail-29750138.html
晚上有个小伙子说我们的烧烤看上去和其他地方的差不多，却贵多了。我举了个例子：“吃下去的金针菇和拉出来的金针菇看上去也差不多，味道能一样吗？”小伙子思考了一下后说：“一样。”,http://www.budejie.com/detail-29750041.html
孩子问我他是怎么来的，额...这个过程有点复杂，当时，我和你妈妈在一个房间上网，你妈要从我这儿下载点东西，于是，我就连接USB那里，当你妈从我的储存棒里下载完后，发现我没装防火墙，她也没装卡巴斯基，当时想将你删除已经来不及了，于是，你就来到了这儿了！,http://www.budejie.com/detail-29745575.html
厂里一个保安28了还没对象，整天想媳妇，和别人说不上三句话就会说：“给介绍个对象呗，啥样的都行，离婚的也行。,http://www.budejie.com/detail-29742150.html
"《无题》
我不知道，
面对时光，
怎样做才能不是虚度。
我只知道，
寻找了这么多年，
我的心依然没有归处。
我也曾想摆出一个，
人畜无害的表情，
去学习圆滑与世故。
可听到满耳的嗤笑，
才明白，
有些东西真的需要天赋。
所以我写诗，
希望能让梦想，
追上悲伤的速度。
可写了七年，
世间如故。
如果有一天，
我写诗的纸混在茶叶中，
我想问饮下的你，
味道像黄连还是米醋。
其实我早已明白，
我的灵魂只是只蜗牛，
想越过窗台看看阳光，
却发现费尽一生也爬不完，
这条通向咫尺的路。",http://www.budejie.com/detail-29738378.html
在学校，你埋怨宿舍怎么不好。但一毕业你就会发现，再没有比宿舍更好的地方了：一年房租500，水电暖气免费，不用你扫厕所，周围有3块就能洗一桶衣服的洗衣店，15块就能吃一天的餐厅，复印1毛一张，和你最好的朋友们住一起.....,http://www.budejie.com/detail-29709267.html
相亲，服务员水没端稳，直接泼在女方脸上！服务员一直道歉说，对不起！对不起！女方刚想发火，一想到男方还在那坐着，于是淡定的拿着纸巾擦着脸，一边擦一边说，没关系！没关系！这时，男方坐不住了，站了起来，指责了那个服务员，然后偷偷往那个服务员的兜里塞了二百块钱...,http://www.budejie.com/detail-29074545.html
"很有感触的句子，句句走心
1、笑看花开，是一种宁静的喜悦；静赏花落，是一份随缘的自在。
2、我们不能单凭过去评论一个人。
3、不论你承不承认，和志同道合的人在一起就是会更快乐。
4、脾气这玩意儿我控制不好，心没有那么大面积，更照顾不了每个人的感受。
5、身体和灵魂总要有一个在路上。
6、我还是相信这世界会有好事发生的，只是不属于我罢了。
7、旧的坏日子已经过去，新的的坏日子还在赶来的路上，而所谓的幸福就是这两种日子中间的那段时光。
8、你要度过生存期，才能谈生活和理想。
9、谁不是从一个心地善良的孩子被现实折磨成一个心机深重的疯子。
10、过自己不想要的生活需要勇气，过自己想要的生活，不但需要勇气，你还得有能力。
11、其实生活一直都挺无聊的，只是偶尔有点意思。
12、愿你能够留住心里善良的模样，不要被这个世界同化得不剩一点闪光。
13、就算出卖灵魂，也要卖个好价钱。
14、小时候哭是觉得自己太委屈，长大了哭是对自己太失望。
15、人总爱跟别人比较，看看有谁比自己好，又有谁比不上自己。而其实，为你的烦恼和忧伤垫底的，从来不是别人的不幸和痛苦，而是你自己的态度。
16、爱一个人，没有成为一件简单的事，那一定是因为感情深度不够。
17、关于孤独的多种形式，总有一种存在于你的生活。
18、有时遥不可及才是最好的距离，没有期待，没有妄想。
19、能让你活得最像自己的人，必然会是那个最爱你且你最爱的人。
20、我们来到人间，与别人欢聚一场，是为了追欢逐乐的，我们不是来生气的，更不是来气别人的。
21、喜欢坐火车，喜欢一站一站地慢慢南下或者北上，喜欢在旅途中间的我。
22、好的爱情，战得胜时间，抵得住流年，经得起离别，受得住想念。
23、以前的生活都是上辈子的事了，不管怎样，都没必要死抓不放，往前看就好。
24、最好的贵人，就是努力的自己。",http://www.budejie.com/detail-29061761.html
"现代版《孔乙已》
          老包
     鲁镇的酒店格局，和别处不同：都是当街一个曲尺形的大柜台，柜里面放着硕大的啤酒桶，桶上装有水龙头，可以随时倒啤酒。
做工的人，晌午傍晚散了工，三三俩俩地聚一桌，每每花上百来块，一条鱼，一盘肉，再加上几碟小菜，热热地吃了休息。
倘若肯花上五块钱，买一大碗酒，就着饭菜喝下去，打个饱嗝，空气中都有麦芽的香味，甭提有多满足。
现在的小工一天两百块，大师傅能拿到三五百，许多人每顿都要喝上两大碗酒。
我从十二岁起，便在镇口的咸亨酒店里当伙计，老板娘说我样子太傻，就在外面做点跑腿的事罢。
虽然没什么失职，但总觉得有点单调和无聊。老板娘一股泼辣劲，主顾也没有好声气，教人活泼不得。只有老包到店，才可以笑几声。
老包是个老师，身材高大，神色疲倦，鼻子上的眼镜片每年都要厚一圈，牛仔裤洗得发白，脚上的运动鞋大约是五六年前的款式，破旧的公文包鼓鼓囊囊，装的都是作业和试卷。
听人背地里谈论，老包曾经是村里唯一的大学生，不知道怎生沦落到这般光景。旁人问起名字，他一概不应答。
据说除了教书，他还要下乡扶贫、控缀保学、入户走访、信息录入、防艾宣传、文明创建、双高双普、秸秆焚烧、防止溺水、关注App、做各种调查、造各种档案、填各种资料，迎各种检查……仿佛无所不能无所不包，我们便把他唤作“老包”。
做工的人对老包有点敬畏，因为他是读过大学的人。但又对他有些轻视，他们的收入是老包两倍。
倘若有长舌妇说什么“老师一天上两节课，红包收到手软，补课一年买套房”，他们照例是要哄笑一番的。
老包是戴着眼镜喝酒不点荤菜的唯一的人。
老包一到店，所有人都看着他笑。有的叫道，“老包，听说你又犯事了！”他不回答，对柜里说，“一碗酒，一盘青椒豆腐”。
有人故意高声嚷道，“你一定又体罚学生了！”老包睁大眼睛说，“你怎么这样凭空污人清白……”
“什么清白？",http://www.budejie.com/detail-29050872.html
前天第一次去接女朋友下班，到了公司我抱着礼物就进去了。估计是因为快下班，前台妹子边玩手机边问我找谁。我说“我来接xxx”，她回了一句“说了多少遍车别停门口”，然后抬头看了我一眼，稍微一愣。,http://www.budejie.com/detail-29050463.html
"他在伦敦，她在北京，朋友们笑他们，大学时候的异地恋变成了异国恋。
她生日前一天，他问：“傻瓜，想要什么啊？”
她说：“毛绒熊吧，你不在我可以抱着它。”他不说话。
生日，他打电话：“你的毛绒熊到了。”
她呆立在楼下，他站在远处笑得像个孩子，他走过去，拥她入怀，一万两千公里，一个拥抱...
这时候。一辆奔驰停在路边，一中年矮胖秃伸出头来：“畜生！放开你小妈！”",http://www.budejie.com/detail-28996138.html
"下了点碎雪，朋友圈乱了，我给大家科普一下雪花的基本知识！
雪花分三种:一种麦香，一种纯生，一种勇闯天涯！就是不知道常温好还是冰镇好……",http://www.budejie.com/detail-28984879.html
姐夫们帮忙找个电影，一个外国大老板投资研究了一个新产品，但是手下背叛，要把新产品卖给恐怖分子，李冰冰作为老板的助理，和老板一起逃亡，最后成功和官方逆袭，求姐夫们告知电影名字。,http://www.budejie.com/detail-28985226.html
同事小敏买完午饭回到办公室，跑到我跟前，大声喊道：“姐，我看见你老公和一个长头发，身材特好，非常有气质的女人在一起...”我拍桌子站了起来！看到周围的同事都看着我，于是我淡定的掏出手机给老公打电话说道：“你是不是跟你妈逛街呢！我同事都看见你了，晚上早点回家...”老公：“...”,http://www.budejie.com/detail-28986201.html
"表弟去相亲，第一次女方问表弟“谈过恋爱吗？”表弟说：没谈过！女方嫌弃地走了，说是没有恋爱经验的不要！
第二次女方问表弟“谈过恋爱吗？”这次表弟学乖了说：“有，谈了好几次恋爱了！”女方又嫌弃地走了，说表弟是花心大萝卜…
第三次表弟变被动为主动，抢先问对方有没有谈过恋爱。结果女方嫌弃他说话太直白不够委婉，也…也走了…",http://www.budejie.com/detail-28984900.html
现在女的追不起啊，我刚谈了一个女朋友。一个星期已经花了我60多块钱了,http://www.budejie.com/detail-28978912.html
人的内心有三种东西，20%善良，20%邪恶，20%自私。然而姐夫们不一样，2%善良0.5%邪恶，98.5%大色狼。。,http://www.budejie.com/detail-28975392.html
"清晨醒来，我在洗漱……
老公温柔的搂住我，然后轻轻的在我耳边说道：“老婆，你真心喜欢我吗？你爱我吗？
我：我喜欢你，我爱你，很爱很爱，非常爱……
他脸带泪水哽咽道：有一种爱叫放手，我想离开你了，因为我妈想抱孙子了……
他话音刚落，我的心突然有股猛烈的刺痛，手中拿着的刮胡刀也因此滑落到地板上……",http://www.budejie.com/detail-28965321.html
"很有感触的句子，句句走心
1、笑看花开，是一种宁静的喜悦；静赏花落，是一份随缘的自在。
2、我们不能单凭过去评论一个人。
3、不论你承不承认，和志同道合的人在一起就是会更快乐。
4、脾气这玩意儿我控制不好，心没有那么大面积，更照顾不了每个人的感受。
5、身体和灵魂总要有一个在路上。
6、我还是相信这世界会有好事发生的，只是不属于我罢了。
7、旧的坏日子已经过去，新的的坏日子还在赶来的路上，而所谓的幸福就是这两种日子中间的那段时光。
8、你要度过生存期，才能谈生活和理想。
9、谁不是从一个心地善良的孩子被现实折磨成一个心机深重的疯子。
10、过自己不想要的生活需要勇气，过自己想要的生活，不但需要勇气，你还得有能力。
11、其实生活一直都挺无聊的，只是偶尔有点意思。
12、愿你能够留住心里善良的模样，不要被这个世界同化得不剩一点闪光。
13、就算出卖灵魂，也要卖个好价钱。
14、小时候哭是觉得自己太委屈，长大了哭是对自己太失望。
15、人总爱跟别人比较，看看有谁比自己好，又有谁比不上自己。而其实，为你的烦恼和忧伤垫底的，从来不是别人的不幸和痛苦，而是你自己的态度。
16、爱一个人，没有成为一件简单的事，那一定是因为感情深度不够。
17、关于孤独的多种形式，总有一种存在于你的生活。
18、有时遥不可及才是最好的距离，没有期待，没有妄想。
19、能让你活得最像自己的人，必然会是那个最爱你且你最爱的人。
20、我们来到人间，与别人欢聚一场，是为了追欢逐乐的，我们不是来生气的，更不是来气别人的。
21、喜欢坐火车，喜欢一站一站地慢慢南下或者北上，喜欢在旅途中间的我。
22、好的爱情，战得胜时间，抵得住流年，经得起离别，受得住想念。
23、以前的生活都是上辈子的事了，不管怎样，都没必要死抓不放，往前看就好。
24、最好的贵人，就是努力的自己。",http://www.budejie.com/detail-28969736.html
我男朋友是四川人，我觉得他是对我是真爱，今天我们一起去吃火锅，我说我不太能吃辣耶，  他说要不我们点中辣吧。我没有说话，他犹豫了一会儿说，微辣可以吗?我笑了笑，然后他鼓足了勇气，咬着牙吼道:那就清汤吧...,http://www.budejie.com/detail-28965953.html
邻居阿姨经常拿手机向我请教上网的问题，每次来我都细心的教一点。 今早出门，我跟媳妇说晚上有应酬， 邻居老公隔着防盗门说：“男人其实说应酬都是自己出去玩。” 傍晚下班回家遇到他我说：“大家都是男人，你早上这样不厚道。” 他说：“你厚道？你教我媳妇网购，你厚道？”,http://www.budejie.com/detail-28964495.html
"最近撩妹技能get✔
其实女孩子很好哄开心的，她全身上下只要有一处亮点，你拎出来夸就行，比如鞋子真好看，项链好精致，眼影很特别等等。。。
如果灰头土脸没收拾，实在找不到亮点，你就说她瘦了！",http://www.budejie.com/detail-28278217.html
"和闺蜜聊天，我就说为了我的下一代着想，我得找个帅哥结婚。
结果闺蜜说，帅哥为了他的下一代是不会跟你结婚的。",http://www.budejie.com/detail-28270675.html
"给儿子买了一件秋衣，上面印有熊大熊二，到幼儿园儿子就把外套脱了，到处给小朋友炫耀。
　　老师看见怕冻着他，就命令他穿上外套不许脱。
　　以为这样就能阻止儿子嘚瑟了吗？不，儿子找个墙角倒立起来，让外套翻起来露出里面秋衣……",http://www.budejie.com/detail-27951394.html
"昨天下雨了，刚回家没多久，就传来了急促的敲门，开门看到是隔壁邻居张大爷，问我家是不是起火了，说他闻到有焦臭味，熏得他睁不开眼睛！
张大爷还进屋四处查看，还纳闷说，为何没看到烟呢？
张大爷，我不过就是袜子被雨水弄湿了点，用电吹风吹干而已！……",http://www.budejie.com/detail-28203223.html
想当年大一的时候，得了痔疮，开始用卫生纸垫着还是会弄到内裤上血，逛超市的时候看到女生买卫生巾，我突然脑子灵光一闪，我觉得我也可以用啊，于是就去离学校很远的地方买了卫生巾垫上了，说实话确实好用啊，直到有一次打篮球打的太激烈了，卫生巾顺着裤腿掉了下来，周围突然的安静，然后又突然爆发排山倒海的欢呼，我拼命大喊我是痔疮才用的声音他们根本不听啊……,http://www.budejie.com/detail-27951567.html
投胎之前为什么要喝孟婆汤？其实不仅仅是为了忘记前世的所有爱恨情仇，还为了忘记前世的银行卡密码。 ​​,http://www.budejie.com/detail-28145545.html
大家好，我是屈原，哈哈哈哈哈哈哈哈哈哈哈哈哈哈哈哈哈哈哈哈哈哈哈哈哈哈哈，咳咳，没没没错，我就是屈原，当年我牺牲自己，为你们争取三天假期，你们是不是应该表示一下?每个姐夫给我一分钱就好，谢谢大家,http://www.budejie.com/detail-28147488.html
"“是不是要放假了？”
“放什么假？”
“五一放假啊！”
“五一我本来就有两天双休日我放什么假？”
“不是还有一天假吗？”
“还有一天我是用周六换的我放什么假？”",http://www.budejie.com/detail-27766912.html
当一个人不爱你的时候。你的撒娇就是作。你的吃醋就是小心眼。你的想念就是打扰。你的关心就是闲得慌。,http://www.budejie.com/detail-27711493.html
为什么中医理论里面，凡是天然的食物都有所谓的“功效”，就没有一种吃下去只是单纯的会饱的东西吗？,http://www.budejie.com/detail-27712445.html
"我们能从游戏中学到什么？
英雄联盟：你一个人靠谱能做的很好，但一群人靠谱才能走的更远。
阴阳师：你永远不知道运气什么时候会砸向你。
魔兽世界：能陪你走过十二年的，不止朋友，还有艾泽拉斯。
贪吃蛇大作战：长大的我们渐渐失去了横冲直撞的勇气。
纪念碑谷：面对困难多转几个弯，总会遇见柳暗花明。
守望先锋：生活中并不缺少美，只是确实发现美的眼睛，热火朝天的战场中也有靓丽的风景。
愤怒的小鸟：失败时总有一群猪在嘲笑你，而他们不知道有再来一次。
俄罗斯方块：犯下的错误会积累，而成功会消失。
王者荣耀：垃圾游戏！",http://www.budejie.com/detail-27651112.html
本人姓项，设计院工程师一名，你们能体会公司各个美女都叫我项工的感觉么？ 特别是大办公室：项工，你来一下。靠，每次听的我都脸红。,http://www.budejie.com/detail-27699759.html
恋爱时，我爸一直不同意我跟老公的恋情，直到老公第一次进门拜访，脱了鞋子，我爸憋了口气说:小伙子，就冲这个味跟我闺女是一样的，人你领走吧！……,http://www.budejie.com/detail-27688365.html
告诉大家一个增肥秘方，一日三餐要吃到撑，要保证身边随时能吃到零食，薯片，虾条，巧克力等等……喝的水永远都是碳酸饮料可乐雪碧百事之类的……绝不喝白开水，睡前一定要吃夜宵吃到饱，羊肉串烤鸡翅鸡腿等等，因为我曾经就是这么胖起来的。,http://www.budejie.com/detail-27652240.html
"读书的时候，去军训同学们都害怕站军姿，天气已经很热了，经常有人晕倒！
一天，班主任来了，教官告诉班主任，我站军姿是表现最好的，一动不动，从未晕倒过。
班主任却指着我，对教官说:  那是他，上课罚站练出来的！……",http://www.budejie.com/detail-27679078.html
记得第一次去女朋友家，未来老丈人备了一箱啤酒。我想老丈人爱喝那必须陪着喝啊，于是爷俩一日三餐一人一瓶。我不善酒，特别不习惯早上和中午喝酒。到第三天我告饶说：叔，要不咱少喝两顿？老丈人说：好好，我也觉得喝得不舒服，以为你爱喝就陪你了。这句话想起来就觉得温馨，为热情而朴实的老丈人求赞。,http://www.budejie.com/detail-27660221.html
女生眼中的男生：长得一般的叫帅哥，长得好看的叫小哥哥，长得超帅的叫老公。,http://www.budejie.com/detail-27395794.html
记得有次假期回家的火车上，看到有个女孩侧卧在男孩腿上睡着了。窗外太阳挺大，帘子也不能完全挡住，然后男孩就悬着手掌帮女孩遮挡照在脸上的阳光。这个姿势维持了很久，直到那个女孩醒来后看到哭了，抽泣着问：你是不是想打我很久了？,http://www.budejie.com/detail-27387799.html
他暗恋她很久了，她也喜欢他。每次上晚自习，他总是看着她，可她却把头转过去看着窗外。有天他问她：“你知道我每天晚自习都在看你吗？”“嗯！”“那你为何还把头转过去？”“因为在玻璃里面我可以不害羞的看着你。”,http://www.budejie.com/detail-27386897.html
年近30的堂弟被大伯狠狠地揍了一顿！问其原因，原来是其家人给他安排了一场相亲，见面时女方对他印象不错羞涩地说：“我不介意你没有房，没有车，没有存款，只要你对我好就行！” 结果这货来了句：“你肚子里有赠品吗？”,http://www.budejie.com/detail-27383598.html
地铁上，看见一个女生穿着性感，非常漂亮，以至于令我有了非分之想。于是，经过激烈的思想斗争，我终于鼓起勇气，大胆地想了起来。,http://www.budejie.com/detail-27379083.html
当年高三我们班有一个哥们，白天睡觉，晚上自学，成绩一直前三名......结果高考的时候睡着了,http://www.budejie.com/detail-27377288.html
号称绝不结婚的男同学，孩子都会打酱油了，我们都很好奇是什么样的姑娘降服了他。他回忆了当年求婚的场景：“当时女友过生日，她吃蛋糕时突然吃到一枚钻戒，随即害羞地对我说：‘我愿意嫁给你。’后来我们就结婚了。”我们表示真浪漫，他叹息道：“是啊，即便是我，也无法拒绝一个自己掏钱买戒指藏在蛋糕里的女孩……”,http://www.budejie.com/detail-27374870.html
下雪了，出门见一大爷摔倒，我过去问：“大爷，我一月工资不到2千块，能扶您起来么？” 大爷：“小伙子，你走吧，我再等一会儿”。 我被感动的赶紧说：“大爷，那边有个法拉利就快过来了”。 大爷也激动说：“你这后生还算实在，干脆别走给我做个证人，完事给你买辆车上班开……” 天气虽冷，大爷的话却是暖暖的，满满的都是正能量。。。,http://www.budejie.com/detail-27374223.html
去叔叔店里帮忙，有客人结账，给我140块。客人很关心的说:小姑娘你看下一百的哈，别假了。我接过钱，很认真的看了一下确定真钱，才让他走。过了一会找别人钱，我才发现那两张20元是假的。。。,http://www.budejie.com/detail-27365924.html
闺蜜来家里叫老婆去逛街，老婆问我要钱。她温柔的告诉我:老公，我想和闺蜜去逛街！能不能给我点钱啊！我坐沙发上，翘着二郎腿抽着烟问她:20行不行啊？老婆想了想说:……20就20吧！！她闺蜜在一旁猛夸我:可以啊！能把我这闺蜜收拾的服服帖帖的！厉害啊！！我被夸的飘飘欲仙的！很熟练的掏出钱包，拿出20块钱……然后把钱包给了老婆…,http://www.budejie.com/detail-27943318.html
"对中年油腻男来说，什么是幸福？
幸福对我而言，就是劳累了一天之后，推开星巴克的门，坐下来好好享受一下小资情调。
取出泡着枸杞的保温瓶，倒入些星巴克的白砂糖，搅拌....
幸福就是这么触手可及！",http://www.budejie.com/detail-28258205.html
"吃过饭，老爸笑眯眯的跟我说：闺女，咱俩玩个游戏吧，我说前两个字，你说后两个字，好比我说海尔你说兄弟!我点头说好!
老爸:安史!我：之乱!老爸：黑猫!我:警长!老爸：小头，我：爸爸！然后我爸猛的长笑一声：哈哈，被我套路了吧！叫我爸爸～哈哈哈哈～
我一脸懵逼：难道我不该叫你爸爸吗?",http://www.budejie.com/detail-28246002.html
"和一帮伪球迷朋友一起看球时，请大声说出这样的句子：“这是5号塔杰曼、11号是斯涅夫，16号是迪德南。”
这样会显得你很懂足球，而事实上你根本不认识任何球员，这些名字也都是你胡编的。
但是有什么关系呢？那些伪球迷朋友反正也不认识。",http://www.budejie.com/detail-28250773.html
"万能的姐夫们，这么多种类型的男朋友，你找好自己喜欢的那一种了吗？
1.袋鼠系男友
冷漠，对什么人都保持着距离，对什么事情都不在意。但只有你能触到他柔软的心，身材特别棒，腿部和腰部力量强劲。
2.熊系男友
性格有点木讷，有点蠢蠢呆呆的，掌心很温暖，单纯，但是很会照顾你，会主动挑你碗里的青椒和一切你不爱吃的。
3.猩猩系男友
智障超高，总是穿着整整齐齐的西装制服，但是很绅士，很温柔，喜欢小动物，对女人很体贴，不擅长表达，会默默为你打理好一切。
4.企鹅系男友
穿着得体，从不邋遢，衣柜里都是白衬衫和黑领带。不喜欢外出，极度怕热，但是很绅士，很细心，远离照顾孩子和做家务。",http://www.budejie.com/detail-28189863.html
投胎之前为什么要喝孟婆汤？其实不仅仅是为了忘记前世的所有爱恨情仇，还为了忘记前世的银行卡密码。 ​​,http://www.budejie.com/detail-28145545.html
大家好，我是屈原，哈哈哈哈哈哈哈哈哈哈哈哈哈哈哈哈哈哈哈哈哈哈哈哈哈哈哈，咳咳，没没没错，我就是屈原，当年我牺牲自己，为你们争取三天假期，你们是不是应该表示一下?每个姐夫给我一分钱就好，谢谢大家,http://www.budejie.com/detail-28147488.html
"“是不是要放假了？”
“放什么假？”
“五一放假啊！”
“五一我本来就有两天双休日我放什么假？”
“不是还有一天假吗？”
“还有一天我是用周六换的我放什么假？”",http://www.budejie.com/detail-27766912.html
当一个人不爱你的时候。你的撒娇就是作。你的吃醋就是小心眼。你的想念就是打扰。你的关心就是闲得慌。,http://www.budejie.com/detail-27711493.html
为什么中医理论里面，凡是天然的食物都有所谓的“功效”，就没有一种吃下去只是单纯的会饱的东西吗？,http://www.budejie.com/detail-27712445.html
"我们能从游戏中学到什么？
英雄联盟：你一个人靠谱能做的很好，但一群人靠谱才能走的更远。
阴阳师：你永远不知道运气什么时候会砸向你。
魔兽世界：能陪你走过十二年的，不止朋友，还有艾泽拉斯。
贪吃蛇大作战：长大的我们渐渐失去了横冲直撞的勇气。
纪念碑谷：面对困难多转几个弯，总会遇见柳暗花明。
守望先锋：生活中并不缺少美，只是确实发现美的眼睛，热火朝天的战场中也有靓丽的风景。
愤怒的小鸟：失败时总有一群猪在嘲笑你，而他们不知道有再来一次。
俄罗斯方块：犯下的错误会积累，而成功会消失。
王者荣耀：垃圾游戏！",http://www.budejie.com/detail-27651112.html
本人姓项，设计院工程师一名，你们能体会公司各个美女都叫我项工的感觉么？ 特别是大办公室：项工，你来一下。靠，每次听的我都脸红。,http://www.budejie.com/detail-27699759.html
恋爱时，我爸一直不同意我跟老公的恋情，直到老公第一次进门拜访，脱了鞋子，我爸憋了口气说:小伙子，就冲这个味跟我闺女是一样的，人你领走吧！……,http://www.budejie.com/detail-27688365.html
告诉大家一个增肥秘方，一日三餐要吃到撑，要保证身边随时能吃到零食，薯片，虾条，巧克力等等……喝的水永远都是碳酸饮料可乐雪碧百事之类的……绝不喝白开水，睡前一定要吃夜宵吃到饱，羊肉串烤鸡翅鸡腿等等，因为我曾经就是这么胖起来的。,http://www.budejie.com/detail-27652240.html
"读书的时候，去军训同学们都害怕站军姿，天气已经很热了，经常有人晕倒！
一天，班主任来了，教官告诉班主任，我站军姿是表现最好的，一动不动，从未晕倒过。
班主任却指着我，对教官说:  那是他，上课罚站练出来的！……",http://www.budejie.com/detail-27679078.html
记得第一次去女朋友家，未来老丈人备了一箱啤酒。我想老丈人爱喝那必须陪着喝啊，于是爷俩一日三餐一人一瓶。我不善酒，特别不习惯早上和中午喝酒。到第三天我告饶说：叔，要不咱少喝两顿？老丈人说：好好，我也觉得喝得不舒服，以为你爱喝就陪你了。这句话想起来就觉得温馨，为热情而朴实的老丈人求赞。,http://www.budejie.com/detail-27660221.html
女生眼中的男生：长得一般的叫帅哥，长得好看的叫小哥哥，长得超帅的叫老公。,http://www.budejie.com/detail-27395794.html
记得有次假期回家的火车上，看到有个女孩侧卧在男孩腿上睡着了。窗外太阳挺大，帘子也不能完全挡住，然后男孩就悬着手掌帮女孩遮挡照在脸上的阳光。这个姿势维持了很久，直到那个女孩醒来后看到哭了，抽泣着问：你是不是想打我很久了？,http://www.budejie.com/detail-27387799.html
他暗恋她很久了，她也喜欢他。每次上晚自习，他总是看着她，可她却把头转过去看着窗外。有天他问她：“你知道我每天晚自习都在看你吗？”“嗯！”“那你为何还把头转过去？”“因为在玻璃里面我可以不害羞的看着你。”,http://www.budejie.com/detail-27386897.html
年近30的堂弟被大伯狠狠地揍了一顿！问其原因，原来是其家人给他安排了一场相亲，见面时女方对他印象不错羞涩地说：“我不介意你没有房，没有车，没有存款，只要你对我好就行！” 结果这货来了句：“你肚子里有赠品吗？”,http://www.budejie.com/detail-27383598.html
投胎之前为什么要喝孟婆汤？其实不仅仅是为了忘记前世的所有爱恨情仇，还为了忘记前世的银行卡密码。 ​​,http://www.budejie.com/detail-28145545.html
大家好，我是屈原，哈哈哈哈哈哈哈哈哈哈哈哈哈哈哈哈哈哈哈哈哈哈哈哈哈哈哈，咳咳，没没没错，我就是屈原，当年我牺牲自己，为你们争取三天假期，你们是不是应该表示一下?每个姐夫给我一分钱就好，谢谢大家,http://www.budejie.com/detail-28147488.html
"“是不是要放假了？”
“放什么假？”
“五一放假啊！”
“五一我本来就有两天双休日我放什么假？”
“不是还有一天假吗？”
“还有一天我是用周六换的我放什么假？”",http://www.budejie.com/detail-27766912.html
当一个人不爱你的时候。你的撒娇就是作。你的吃醋就是小心眼。你的想念就是打扰。你的关心就是闲得慌。,http://www.budejie.com/detail-27711493.html
为什么中医理论里面，凡是天然的食物都有所谓的“功效”，就没有一种吃下去只是单纯的会饱的东西吗？,http://www.budejie.com/detail-27712445.html
"我们能从游戏中学到什么？
英雄联盟：你一个人靠谱能做的很好，但一群人靠谱才能走的更远。
阴阳师：你永远不知道运气什么时候会砸向你。
魔兽世界：能陪你走过十二年的，不止朋友，还有艾泽拉斯。
贪吃蛇大作战：长大的我们渐渐失去了横冲直撞的勇气。
纪念碑谷：面对困难多转几个弯，总会遇见柳暗花明。
守望先锋：生活中并不缺少美，只是确实发现美的眼睛，热火朝天的战场中也有靓丽的风景。
愤怒的小鸟：失败时总有一群猪在嘲笑你，而他们不知道有再来一次。
俄罗斯方块：犯下的错误会积累，而成功会消失。
王者荣耀：垃圾游戏！",http://www.budejie.com/detail-27651112.html
本人姓项，设计院工程师一名，你们能体会公司各个美女都叫我项工的感觉么？ 特别是大办公室：项工，你来一下。靠，每次听的我都脸红。,http://www.budejie.com/detail-27699759.html
恋爱时，我爸一直不同意我跟老公的恋情，直到老公第一次进门拜访，脱了鞋子，我爸憋了口气说:小伙子，就冲这个味跟我闺女是一样的，人你领走吧！……,http://www.budejie.com/detail-27688365.html
告诉大家一个增肥秘方，一日三餐要吃到撑，要保证身边随时能吃到零食，薯片，虾条，巧克力等等……喝的水永远都是碳酸饮料可乐雪碧百事之类的……绝不喝白开水，睡前一定要吃夜宵吃到饱，羊肉串烤鸡翅鸡腿等等，因为我曾经就是这么胖起来的。,http://www.budejie.com/detail-27652240.html
"读书的时候，去军训同学们都害怕站军姿，天气已经很热了，经常有人晕倒！
一天，班主任来了，教官告诉班主任，我站军姿是表现最好的，一动不动，从未晕倒过。
班主任却指着我，对教官说:  那是他，上课罚站练出来的！……",http://www.budejie.com/detail-27679078.html
记得第一次去女朋友家，未来老丈人备了一箱啤酒。我想老丈人爱喝那必须陪着喝啊，于是爷俩一日三餐一人一瓶。我不善酒，特别不习惯早上和中午喝酒。到第三天我告饶说：叔，要不咱少喝两顿？老丈人说：好好，我也觉得喝得不舒服，以为你爱喝就陪你了。这句话想起来就觉得温馨，为热情而朴实的老丈人求赞。,http://www.budejie.com/detail-27660221.html
女生眼中的男生：长得一般的叫帅哥，长得好看的叫小哥哥，长得超帅的叫老公。,http://www.budejie.com/detail-27395794.html
记得有次假期回家的火车上，看到有个女孩侧卧在男孩腿上睡着了。窗外太阳挺大，帘子也不能完全挡住，然后男孩就悬着手掌帮女孩遮挡照在脸上的阳光。这个姿势维持了很久，直到那个女孩醒来后看到哭了，抽泣着问：你是不是想打我很久了？,http://www.budejie.com/detail-27387799.html
他暗恋她很久了，她也喜欢他。每次上晚自习，他总是看着她，可她却把头转过去看着窗外。有天他问她：“你知道我每天晚自习都在看你吗？”“嗯！”“那你为何还把头转过去？”“因为在玻璃里面我可以不害羞的看着你。”,http://www.budejie.com/detail-27386897.html
年近30的堂弟被大伯狠狠地揍了一顿！问其原因，原来是其家人给他安排了一场相亲，见面时女方对他印象不错羞涩地说：“我不介意你没有房，没有车，没有存款，只要你对我好就行！” 结果这货来了句：“你肚子里有赠品吗？”,http://www.budejie.com/detail-27383598.html
地铁上，看见一个女生穿着性感，非常漂亮，以至于令我有了非分之想。于是，经过激烈的思想斗争，我终于鼓起勇气，大胆地想了起来。,http://www.budejie.com/detail-27379083.html
当年高三我们班有一个哥们，白天睡觉，晚上自学，成绩一直前三名......结果高考的时候睡着了,http://www.budejie.com/detail-27377288.html
content,link
遇到一个我不可能配得上的女孩，但是人家对我很好，每次坐在一起吃饭，我都不知道说什么好，怎么做才好，她的性格很温柔，又大方，也没有拒绝过我，我们生活的阶层，消费水平都是一天一地，求姐夫们把我骂醒吧，我已经失眠4天了，我想给她她想要的生活，但是我明白自己有几斤几两,http://www.budejie.com/detail-29637424.html
昨天去公司入职，安排宿舍的时候，宿管说男宿舍住满了，女生宿舍还有空床，你要不要住，我心里不愿意但是找份工作不容易，迁就几天吧，于是我一个男生被带到了女生宿舍，被安排在了上铺，算上我一共八个人，都是20多岁的妹子，我搬到宿舍后，原本死死沉沉的宿舍立刻活跃了起来，妹子们给我铺床的铺床，打洗脚水的打洗脚水，捶背的捶背，边干边问我她们几个谁最好看，我有没有对象，有也没关系，晚上睡觉的时候，她们都围在我床前，挣着要陪我，吓的我在厕所蹲一夜。今晚上回去我该怎么办啊。,http://www.budejie.com/detail-29511377.html
我依稀记得那天晚上我躲在被窝用平板电脑看爱情动作片，但却发不出任何声音，把音量调至最大也无济于事，就在我琢磨自己平板电脑为什么没有声音的时候，这时妹妹一手把蓝牙音箱摔到我头上，“有我了还看这个干嘛？”,http://www.budejie.com/detail-29511308.html
妹子一枚，回家前去买了身衣服烫了头发，拉着箱子到楼下。实在是重就打电话告诉我爸下来接我。我爸很意外，高兴地下楼来，我冲上去撒娇地挽着我爸的手。刚进楼梯道没两步就被扯着头发打倒在地。就听我妈一边踢一边喊：“叫你勾引我老公！叫你勾引我老公！”。。。不说了，多说是泪。,http://www.budejie.com/detail-29637413.html
"伦纳德给詹姆斯的回信。
乐邦吾兄：见字如面。劳烦詹兄挂念，总决一别，竟五载有余，恍如隔世之感。五年前，詹兄与我，各为其主，虽兵戎相见，但互有胜算，未伤和气。遥想当年詹兄英姿飒爽，君临天下之势，江湖中无出其右。詹兄谋略，愚弟深感佩服。奈何造化弄人，如今詹兄落草洛城，重整兵马，以图东山再起。我亦远走天寒地冻北境之城，险些落得叛徒骂名，令人嘘嘘不已......今江湖风云再起，布鲁克林，狼子野心，昭然若揭。密尔沃基新贵，虎视眈眈。航天城三度折戟，必会知耻后勇。圣城若有吾恩师坐镇一日，便永不可小觑。波特兰双雄，铮铮铁骨。盐湖城军军纪严明，民风彪悍。金州勇士即使雄风不在，也是百足之虫。洛城有詹兄运筹帷幄，有浓眉大将披荆斩棘，有师弟做谐星，尽享军民一家亲之乐。洛城军亦颇具王者之师。然当世想称霸武林，绝非易事。兵书有云“抱团者，得天下”，古人诚不欺我。愚弟不才，得詹兄抬爱，受宠若惊。每每读阅詹兄来信，心潮澎湃。实不相瞒，愚弟心有归属。择良辰吉日，吾舅会昭告天下吾之去所。江湖路远，后会有期。
弟伦纳德。",http://www.budejie.com/detail-29632154.html
我家里是卖跌打酒的，老爸经常带我去赶大集，为了显示我家的跌打酒好使，老爸经常当着众人的面用棍子打我，打得半死，然后抹跌打酒……他们问我:“你爸打你，你不疼吗，怎么不跑？”我:“他打我是为了赚钱，我是家里的独生子，那些钱，早晚是我的！”,http://www.budejie.com/detail-29533921.html
现在某些公司定下了很多奇葩规定，让人简直受不了。我们这里有一名男子，就因为他性取向的问题，公司把他开除了。这个社会男多女少。他又不抢你们的妹子。为什么不能容下他？,http://www.budejie.com/detail-29530665.html
"小姨子跟姐夫说：我要跟你睡。
姐夫大惊说：你不能跟我睡的。
小姨子说：那我姐咋能跟你睡？
姐夫无语，只好一把抱住小姨子说：好吧好吧，今年可以跟姐夫睡，明年上幼儿园了就不行了哈。",http://www.budejie.com/detail-29615994.html
高考成绩出来了，看着别人考了600多分，自己只考了200多，恨自己没用，气的我一掌拍在我的兰博基尼方向盘上，掉出了两节南孚电池……,http://www.budejie.com/detail-29529629.html
现在热议的人生三个阶段：“知道父亲是普通人，知道自己是普通人，知道孩子是普通人”～其实想想，不就是“三十而立，四十不惑，五十而知天命”的意思嘛……,http://www.budejie.com/detail-29615002.html
烦一个人可以到什么地步呢？他发微信我不回。他发红包我也不收！  然后等到下半夜睡不着的时候再把红包收了简单的问一句:干嘛。,http://www.budejie.com/detail-29529516.html
班上的同事之间都是说说笑笑，没事皮一下的     我老公和我一个公司的，在外地上班   伟大的分割线     一天，刘，男，见到我，笑着说，你老公让我给你捎回来几个吻，你看咋给你？我说，咋给我不要紧，我想知道的是他怎么给你的？,http://www.budejie.com/detail-29529545.html
说白了异地恋图你什么呢？因为距离 图不到你的钱 也不能每天和你在一起 每天抱着手机等你信息孤独的生活  拒绝身边的其他人 愿意一直这样坚持下去 是因为想和你有个未来 我们都足够成熟也足够理智 没有人愿意用自己的感情去赌一个不确定的未来 但因为那个人是你 所以我愿意 但愿异地恋不会这么糟糕,http://www.budejie.com/detail-29617297.html
小时候，我妈教我学东西，我学不会，我妈就打我。长大后，我教我妈学东西，我妈学不会，她还是打我，请问，这是什么原理？？谁能给我解释一下？,http://www.budejie.com/detail-29601377.html
一个男人 什么叫失败 没钱 事业还不顺  谈恋爱不敢 还有什么？,http://www.budejie.com/detail-29601632.html
"今天坐公交没零钱，于是在旁边的商店买了个五香豆干一块钱，给了一张一百的，老板一看哎哟一下正要说啥。
机智的我赶紧把香肠咬一口。
老板无奈的叹气开始找钱！
嘿嘿………………",http://www.budejie.com/detail-29574573.html
"我老婆是某航空姐。
她很漂亮，身材高挑，168。
当年偶然一次出差认识的。我记得当时我睡着了，她正在发餐。
她那清脆的声音将我叫醒了，非常的好听。我睡眼惺忪的看着面前那红润的脸蛋，瞬间沦陷了。
傻乎乎的接过了餐点，看着她那背影，那纤瘦的背影配上那美妙的制服…
整个人都是傻的，我是一直看着她发完餐点，那一刻我便做了个大胆的决定。
当飞机停下来的时候，我坐立难安的找着那个空姐的身影，可能上天眷顾我吧。她正站在机舱口，我排着队，看着离她越来越近，心跳都是越来越快。
眼看着我马上要和她擦肩而过了，我全身有种失重的感觉。感觉再不问，可能她就要成为别人的老婆了，我扭捏的停了下来，紧张的转过头，她看到我这个反应先是一个春风化雨的微笑。
她的微笑真的很有魔力，感觉她的微笑像是力量冲击进入我的身体，我深吸一口气，鼓足勇气问她能不能加微信。
她的回应依然是个微笑，我感觉有些话说出口此生足矣。那一刻整个人都释然了，毕竟做过了哪怕失败了都无所谓。
当我准备离开的那一刻，感觉手心传来一阵说不出的清凉，那种美妙的触感在我指尖划过。我看着手心，里面有张小纸条…
我看着她，她依然是那个招牌微笑。
那一刻的心情简直难以言喻，整个人像是小孩一样活蹦乱跳的跑出去。我也顾不上周围旅客的眼光了，我只想赶紧找个没人的地方打开这张纸条。
我快速的朝厕所跑去，可是刚要进去停了下来。我在思考，这是她给我的纸条，她的味道怎么能被厕所臭味玷污，我不能在男厕所打开。
于是我走了出来左顾右盼，我看着不远处的肯德基。当我要走进去的那一刻我停了下来，我看着那个白胡子老头，那色呸的眼神让我浑身不适。
于是我紧攥着纸条再次左顾右盼，怎么办，我该怎么办。她给我的纸条我到底该去哪里看！
那一刻，我感觉都快急疯了。我知道爱情不等人，可我偏偏像个废人一般在错过爱情。
不行，我不能再等了。
我急促的打开纸条，上面写着：
“你能看到这里，你也是真的牛逼！”",http://www.budejie.com/detail-29571316.html
这段话说的太好了！“嘴不饶人心地善，心不饶人嘴上甜；心善之人敢直言，嘴甜之人藏谜奸；宁交一帮抬杠的鬼，不结一群嘴甜的贼。”,http://www.budejie.com/detail-29081227.html
从一个朋友那听说，她要结婚了，我连夜开车600公里，赶到她楼下，看到她楼下门上的喜子，房间的灯还亮着，我不敢去打扰她，我从车里拿了几瓶啤酒，坐在她家楼下的公园椅子上，酒喝完了，一包烟抽完了，天也快亮了，汽笛生从大老远传来，我知道接她的车来了，今天她就要成为别人的新娘了，可惜新郎不是我，车队走了，我一直跟在后面，突然手机来了一条短信，是……她发过来的，她说“别送了，下辈子我在嫁给你，忘了我吧。那天我的心像无数根针扎一样疼，我哭了，很伤心。后来从一个朋友那听说，她那天晚上一直在窗帘后面看着我喝酒抽烟，哭了一晚上……祝她幸福 虽然新郎不是我，但是新娘……我爱过.....,http://www.budejie.com/detail-29061033.html
一位大巴车司机，正在高速公路上行使时突然对车里的乘客说：大家注意了，把安全带带好，抓稳可抓的东西。这时乘客惊讶的问：司机怎么啦，车子坏了吗？司机说：前面那辆轿车的女司机时不时把头伸出窗外到处望，打着右转弯灯却不停地向左拐，两个倒后镜收了起来，我不知道她接下来究竟要干什么…………,http://www.budejie.com/detail-29071567.html
女孩子如果遇到劫色，请不要慌张，应该主动帮对方脱裤子，把裤子脱到鞋子的位置，然后转身撒腿就跑，对方肯定追不上你，不用谢我,http://www.budejie.com/detail-29709672.html
"一直弄不明白一件事，为什么陪嫁要比男方来的还要多？
爹妈养育女儿二十几年，就像网上说的“花钱的时候在娘家，挣钱的时候在婆家""
男方给了3w的彩礼，我爹妈说为了我过去日子可以好一点，
在彩礼的基础上加了2w，让我不要嫌少，
我当时有点惊讶，
我不懂为什么要加钱，男方给的彩礼本来就是孝敬我父母的，
我都嫁到他家为他生儿育女了，为什么我还要带上2w的钱回去？
难道这不算是倒贴？这个道理不是很懂，
给了彩礼就一定要返回嫁妆吗？如果不返回的话就会被男方家看不起？",http://www.budejie.com/detail-29707105.html
我问老婆：“假如你有阿拉丁神灯，你会许什么愿望？”老婆说：“我会说，‘比我漂亮的人都死去吧！’”我无奈道：“瞬间，世界上就剩下你一个女人了！”,http://www.budejie.com/detail-29704130.html
中午裸睡，一只苍蝇在LZ蛋蛋上停了一会儿又飞走了，全程被媳妇看见了，然后媳妇就趴在蛋蛋旁边观察了很久，我就好奇的问一下她在干嘛。媳妇回答：苍蝇不叮无缝的蛋啊，我看看是不是裂了…,http://www.budejie.com/detail-29700720.html
去买咸鱼，问老板：“这鱼怎么涨价了？”老板说：“这一批是有梦想的咸鱼，比较贵！”,http://www.budejie.com/detail-29702518.html
来我问大家个问题。周瑜的老婆是小乔，小乔的姐姐是大乔，大乔嫁给了孙策，孙策的妹妹叫孙尚香，孙尚香嫁给了刘备，刘备的儿子叫刘禅，刘禅的皇后是张星彩，张星彩的妈妈是夏侯娟，夏侯娟是夏侯渊的女儿，夏侯渊的哥哥叫夏侯惇。那么请问周瑜叫夏侯惇什么？,http://www.budejie.com/detail-29700337.html
我有两个问题    第一个：为什么一不小心咬到了舌头很疼，可是故意咬却一点都不疼    第二个：为什么你现在在咬舌头A»}wA»}w,http://www.budejie.com/detail-29696423.html
上学时以为自己是鲁迅，后来觉得是闰土，再后来发现自己就是个叉，踏入社会发现就是个猹，到最后发现连个猹都算不上就他妈是个瓜……?,http://www.budejie.com/detail-29696376.html
趁着合租的女生在洗澡，我偷偷溜进她的房间拿起了她的衣服嗅了起来。她突然进来了，我丢掉了她的衣服，把她逼到墙角，她害羞的说：你要怎么样？然后我深情的望着她的双眼，大声说到：你TM是不是偷用我洗衣粉了？,http://www.budejie.com/detail-29691968.html
“哥，为什么每次嫂子一打你，你就满地打滚？丢人不！”“我那是在报复她。”“是么，怎么报复的？”“我虽然打不过她，可衣服都是她洗呀！”,http://www.budejie.com/detail-29687874.html
在家吃薯片，我们家的金毛可怜巴巴的盯着我。就是不给它吃，馋的它流口水！过了会它把它的玩具球叼过来蹭我，意思是让我抛给它玩。抛了一会儿球被狗弄到沙发底下了，它在那狂吠，于是我随手把薯片放沙发上，爬地上到沙发底下找球。好不容易把球弄出来了，回头一看尼玛我的薯片呢？看见汪星人在角落里狂吃我的薯片！瞬间觉得我不适合养金毛了！,http://www.budejie.com/detail-29689474.html
考试转用，三短一长选最长，三长一短选最短，参差不齐c无敌，两长两短就蒙d，全都不会就蒙b,http://www.budejie.com/detail-29687355.html
今天的电动车坐垫格外烫腚🔥！马路边兰博基尼的副驾依旧是我难以企及的梦想。微风吹过我的脸庞，我有些迷茫。多希望能有一位大哥能够看透我所有逞强，让我卸下伪装。走近他500平米的心房！,http://www.budejie.com/detail-29683497.html
买贵的东西时，就把价格除以365天。一天才几块钱，如果还嫌贵的话就除以两年。,http://www.budejie.com/detail-29681565.html
老师：“为什么我听到有人在说话。”我：“因为你……有耳朵？”,http://www.budejie.com/detail-29682445.html
"你见过被辅导写作业的孩子，写个草字头就卡住，脑子开始放空吗？
所以打孩子的目的不是为了孩子，而是为了自己不会得脑淤血！",http://www.budejie.com/detail-29682533.html
哥哥嫂子都是暴脾气，两人动不动就开火。于是我劝哥哥，下次要发脾气前，你试试深呼吸然后默念10遍“不要发脾气”，让火气消下去。昨晚嫂子又为了一点小事生气一直吧啦吧啦念叨，哥哥想起我的话，深吸一口气嘴里开始默念。。。嫂子见状一巴掌招呼过去：你居然敢念咒语咒我！,http://www.budejie.com/detail-29683210.html
放学回家，同学的爸爸顺路车带我，于是我叫叔叔发一条短信给我妈妈报平安。。。回家后发现妈妈抱着手机哭的梨花带雨，我问怎么啦？妈妈一把抱住我，给我看手机上那条破短信，写着：“是XXX（我的名字）的妈妈吗？不用担心，你儿子在我手上。。。”,http://www.budejie.com/detail-29682448.html
小明去面馆吃了份五块钱的面，给了老板十块钱，老板在找了90。回家后小明对妈妈说：“妈妈我今天去吃面，老板是个傻子，我给了他十块钱，他找了我90。” 妈妈也很开心，问到底是哪个面馆啊， 小明说：“就是对面的王记拉面啊。” 妈妈脸色一变，缓缓的说道：“以后没钱就去那吃面吧，还有，以后不许叫他傻子。”,http://www.budejie.com/detail-29683150.html
“瘦子蹲，瘦子蹲，瘦子蹲完胖子蹲。”“胖～子～蹲～，胖～子～蹲～，胖子。。。。快来扶我一把，站不起来了。”,http://www.budejie.com/detail-29681111.html
我们这期学驾驶的都是年轻人，为了方便与教练管理和联系，建了一个群！今天是个大喜的日子，全体学员都通过了科目二，为了庆祝，群主做的第一件事就是将教练踢出群！,http://www.budejie.com/detail-29854784.html
"分手那晚，她喝多了，男友抱着送她上车，最后说了句“珍重”。
她感觉他还是爱她的，于是一直期待着与他和好。
直到有一天，男友的朋友告诉他，他那天说的其实是“真重”……",http://www.budejie.com/detail-29858245.html
大海真的太恐怖了，当年泰坦尼克号出海的时候，我喉咙都喊哑了，不让他们出海。非但不听，居然还把我从电影院赶了出来。,http://www.budejie.com/detail-29895116.html
"不明白了电视里，古代那些大侠一出去，就是两斤酱牛肉一壶好酒，每天最少三顿...
放眼前，二斤酱牛肉一百多块钱，一壶酒就算十块钱，一月一万多。
还经常阔绰的周济贫苦百姓，我真想问他们都是做什么工作的？",http://www.budejie.com/detail-29855557.html
老两口抱着孙子在街上逛，迎面碰上一中年妇女：真可爱，多大了？老太太抢先回答：再过两个月就六十五啦。,http://www.budejie.com/detail-29875663.html
说实话，最怕灯厂的车，刹车灯晃眼，远光灯刺眼。有次一辆A8跟我后头，那远光灯照得我开不了车，我停车把他截停，一问，人家开的近光，俩人研究了半天，那大哥突然激动的说，“兄dei，我知道了，是你的布加迪底盘太低了。”,http://www.budejie.com/detail-29836376.html
"早晨去楼下买油条，大妈说要2.5元一根。
我说:“昨天不是2元一根吗？
大妈说：“因为猪肉涨价了。”
我说：“猪肉涨价，关你油条什么事”
大妈说：“ 因为我想吃猪肉。”
………………瞬间觉得大妈说得好有道理！",http://www.budejie.com/detail-29901031.html
"老王：你怎么秃顶了？
我：媳妇遗传的。
老王：啥意思？
我：岳母一生气就揪她男人头发，她闺女学会了。",http://www.budejie.com/detail-29814911.html
所谓表白，无非就是你兜里揣着一个苹果，去问对方喜不喜欢苹果，而对方有喜欢橘子鸭梨猕猴桃菠萝草莓等等N种可能，这种情况看运气。而有的人不一样！他们兜里揣的是金条。。,http://www.budejie.com/detail-29752836.html
"你问我游戏重要还是女朋友重要？
你是不是傻.
游戏没了可以重来.
但是女朋友没了.
.
.
.
.
.
.
游戏就可以一直玩了.",http://www.budejie.com/detail-29752862.html
"成年了才觉得， 一个男人长的帅不帅，其实并不是那么重要。 更多的是他的能力，担当，责任，稳重……才能吸引女孩子。
不主动联系你！不是因为你不重要！是我不知道我重不重要……",http://www.budejie.com/detail-29745445.html
如果你真的懂过我 在我咄咄逼人嘴不饶人那一刻  你就该知道 我到底有多难过 ​​​,http://www.budejie.com/detail-29748460.html
所谓表白，无非就是你兜里揣着一个苹果，去问对方喜不喜欢苹果，而对方有喜欢橘子鸭梨猕猴桃菠萝草莓等等N种可能，这种情况看运气。而有的人不一样！他们兜里揣的是金条。。,http://www.budejie.com/detail-29748448.html
上课的时候，老师写出五个字：烟锁池塘柳。让同学举例子，说出五个字，带金木水火土。室友流着口水说到：深圳铁板烧。。。,http://www.budejie.com/detail-29747235.html
爱初始是水，甘甜无味，渐渐的变成了各种饮料，越喝越渴，越渴越渴，回头想喝水，淡而无味，只剩两字“嫌弃”……,http://www.budejie.com/detail-29750138.html
晚上有个小伙子说我们的烧烤看上去和其他地方的差不多，却贵多了。我举了个例子：“吃下去的金针菇和拉出来的金针菇看上去也差不多，味道能一样吗？”小伙子思考了一下后说：“一样。”,http://www.budejie.com/detail-29750041.html
孩子问我他是怎么来的，额...这个过程有点复杂，当时，我和你妈妈在一个房间上网，你妈要从我这儿下载点东西，于是，我就连接USB那里，当你妈从我的储存棒里下载完后，发现我没装防火墙，她也没装卡巴斯基，当时想将你删除已经来不及了，于是，你就来到了这儿了！,http://www.budejie.com/detail-29745575.html
厂里一个保安28了还没对象，整天想媳妇，和别人说不上三句话就会说：“给介绍个对象呗，啥样的都行，离婚的也行。,http://www.budejie.com/detail-29742150.html
"《无题》
我不知道，
面对时光，
怎样做才能不是虚度。
我只知道，
寻找了这么多年，
我的心依然没有归处。
我也曾想摆出一个，
人畜无害的表情，
去学习圆滑与世故。
可听到满耳的嗤笑，
才明白，
有些东西真的需要天赋。
所以我写诗，
希望能让梦想，
追上悲伤的速度。
可写了七年，
世间如故。
如果有一天，
我写诗的纸混在茶叶中，
我想问饮下的你，
味道像黄连还是米醋。
其实我早已明白，
我的灵魂只是只蜗牛，
想越过窗台看看阳光，
却发现费尽一生也爬不完，
这条通向咫尺的路。",http://www.budejie.com/detail-29738378.html
在学校，你埋怨宿舍怎么不好。但一毕业你就会发现，再没有比宿舍更好的地方了：一年房租500，水电暖气免费，不用你扫厕所，周围有3块就能洗一桶衣服的洗衣店，15块就能吃一天的餐厅，复印1毛一张，和你最好的朋友们住一起.....,http://www.budejie.com/detail-29709267.html
小时候老妈给我姐两毛钱让她带着我到小店买泡泡糖吃，那时一毛一颗，我姐买了两颗全部自己吃，等她嚼腻了再给我吃，我问她为什么嚼了再给我，她说：我先验验有没毒，那时真心觉得姐姐好，这就是亲姐。,http://www.budejie.com/detail-29682417.html
随着年龄的增长，猛然发觉，那些曾经你无比珍视的东西开始变的无关紧要，到底是什么改变了一切,http://www.budejie.com/detail-29680369.html
如果人类是病毒，地球是否是超出人类认知的一种生命……,http://www.budejie.com/detail-29680422.html
今天老姐突然问我：“老弟，你年龄也不小了，我有个闺蜜，人很温柔，从没谈过恋爱，长得很漂亮，要不我给你介绍一下吧？”我：“姐，你以前不是说过，我不能对你闺蜜打歪主意吗？”老姐：“这个贱人，欠我钱不还，我要让她嫁给一个又丑又懒又馋毛病又多的男人，生不如死！”,http://www.budejie.com/detail-29682012.html
儿子学校开联欢会，中间有亲子互动节目，我老婆比划，儿子来猜动物。其中一个动物是蛇，我老婆提示，一个字，是这样行走的。说着我老婆浑身蜿蜒曲折的扭动身体。结果我儿子说：“蛆。”,http://www.budejie.com/detail-29682014.html
傍晚在公园溜达，看到一对夫妻吵架，男的手举过头顶对天发誓“若是如何如何，我天打雷劈”，当时心想拍下这感人的一幕，于是我掏出手机，却忘了关闪光灯，咔嚓一声，那男的突然就跪下了，抱着女的大腿“老婆，我错了，我撒谎了……”,http://www.budejie.com/detail-29682020.html
这些年，我爸总是让着我妈，昨天他们爆发了世界大战，老妈：我不过了，离婚，这日子没法过了……老爸咆哮了：不过就不过，离就离，谁不离谁孙子，房给你，车给你，儿子也给你！……我也给你！我刚喝的水就喷出来了…,http://www.budejie.com/detail-29682034.html
我送儿子去幼儿园，旁边一个妈妈哭的稀里哗啦！我递纸巾给她：“都舍不得！别难过了，让你孩子看到了就不好了！”她接过纸巾：“我不是难过！四年了，整整四年了，我终于可以自由一天了，呜呜呜,http://www.budejie.com/detail-29682039.html
现在的人真没素质！昨晚没睡好，今天坐在公交车里直打瞌睡，结果后面的人一直瞎嚷嚷乱叫，吵醒我好几次，妈的，亏我性子好，真逼急了哥，这司机我不干了,http://www.budejie.com/detail-29667064.html
喂？您好，是电话局吗？是这样的，我这边电话线太长了哎，你们那头能不能拉过去一点？,http://www.budejie.com/detail-29662818.html
姐夫们求一首藏头诗，喜欢一个女孩叫方卉！4年的姐夫第一次求支援,http://www.budejie.com/detail-29658878.html
凌晨一点，城市的夜行动物们结束了一天的工作，回家卸妆，纷纷露出素颜，这就是传统的丑时。,http://www.budejie.com/detail-29667529.html
一富商有两个儿子，他要决定其中一人继承财产，就把大儿子和小儿子都叫过来给他们一人一颗种子，指着花盆∶“谁的花盆里的花长得快，谁就赢了。”几个月后，他们把盆拿过来了，大儿子的盆长出了花，小儿子的人没有长出花。他问小儿子原因，小儿子∶“种子是熟的，长不出来。”富商∶“那你就不能换一个种子嘛。”,http://www.budejie.com/detail-29663113.html
这个世界根本不存在“不会做”、“不能做”，只有“不想做”和“不去做”，当你失去所有依靠的时候，你自然就什么都会了,http://www.budejie.com/detail-29662403.html
媳妇儿总爱偷偷发她闺密姐妹的私房照给我，每次看了我都会淡淡地说：“没你身材好！”然后她就很高兴，于是我也很高兴...,http://www.budejie.com/detail-29652076.html
媳妇的教练突然打电话过来：“你老婆开车下陡坡撞墙了，赶紧带钱到医院来！”楼主脑袋一嗡赶紧问：“她撞的怎么样了？”教练：“她跳车跑了！”楼主松了口气说：“那就好，那…那医院我也不用去喽？”教练火了：“特玛的我们都在医院里呢！”,http://www.budejie.com/detail-29651824.html
“每次吃多了就有一种负罪感，总觉得还是少吃一点比较合适。”“是啊，总是担心会长胖。”“不，我是因为偷吃室友零食。”​​​,http://www.budejie.com/detail-29651722.html
我今年三十岁，普普通通的打工仔，一个月三四千，可我依然过得挺好，不知道几线的小县城，可是梦想都实现了，我小的时候经济条件还不是很好，那时候手机还不是很普遍，大部分都是固话，我特别喜欢手机，十八岁辍学外出打工，出去打工前父亲给我买了手机，那时候我这年纪的都喜欢待在网吧里，二十岁时候自己的工资买了笔记本，再后来同学慢慢开始结婚有的买房有的直接在农村盖房，可我不想以后回农村，二十四岁家里又给买了房子，二十六结婚时候感觉还差辆车，所以又买了辆车，二十七岁有了闺女，我现在挣钱也不多，可是我父母健康，夫妻恩爱，闺女听话，车房无贷款，感觉这就是最大的幸福,http://www.budejie.com/detail-29642772.html
姐姐姐夫带着我小侄子上我家打麻将。 小侄子在一旁无聊，装哭，大家都知道是装的，就没人搭理他。 他各种声音各种方式的嚎啕大哭了一阵后，对他妈妈说：“妈，等你去世的时候，你看我用哪个声音哭你会比较喜欢？”,http://www.budejie.com/detail-29511449.html
"一个定律：
越是热情就会越不被珍惜，
你越是费尽心思的去取悦一个人，
那个人就越有可能让你痛彻心扉。
记住一句话：别爱太满，物极必反。 ​​​​ 
——匿名（负能墙）",http://www.budejie.com/detail-29642557.html
检查小外甥写作业，看到用“云”组词，我看他写的是“马云”。我本想说不能用人名组词的，就问你还知道“马云”?小外甥说那是“乌云”。,http://www.budejie.com/detail-30675976.html
有一次上生物课老师讲植物，二货同桌问我：你知道最高级的植物是什么吗?我想了半天没想出来。同桌得意的说：不知道吧，植物人啊!植物人。。。。植物人。。。,http://www.budejie.com/detail-30674677.html
有一次酒喝高了，回家时，不知道为啥邻居家的狗咬了我，我被送去打了狂犬疫苗.....第二天酒醒了，我妹说：大黑坐在台阶上，你为什么过去和它并排坐着，还硬搂它脖子，要对着它耳朵说悄悄话？,http://www.budejie.com/detail-30214806.html
用付款码向商家付款是不需要密码的，要是有人拍下付款码，是不是就可以用我的钱来买东西了还找不到的那种,http://www.budejie.com/detail-29839536.html
"我有个男同学处了个对象，后来他俩黄了。我说：""为啥黄的？是不是不总去她家啊？""他说：""我天天去！""我：""去了都干啥了？说来听听！""他：""还能干啥？我女友看电视，我陪她妈聊天，她妈可愿意和我聊天了，一天不去都打电话叫我！""我：上学时语文老师就说你抓不住重点，看来果然没说错！""",http://www.budejie.com/detail-29836394.html
年轻人下班回家，发现新婚妻子在发愁。我真是没用，她说，我刚才替你熨那套西装，把裤子臀部烧了个大洞。不要紧，她丈夫安慰说，那套衣服我多备了一条裤子。对，妻子高兴起来说，幸亏这样，我用那条裤子把烧的洞补上了。,http://www.budejie.com/detail-30032745.html
“当初是你要分开，分开就分开。”这句歌词一定是男人写的。如果是女人写，歌词应该这样：“当初是我要分开，你还真分开？”,http://www.budejie.com/detail-30032724.html
老爸回老家四天还没回来！我给老爸打电话“爸，回来吧，老妈做的饭太难吃了，我都吃不下饿瘦了”“傻闺女瘦了好看，再说家里还有事回不去。”“我妈都瘦了一圈了！”“啥，你这个死丫头，赶紧给你妈叫份外卖，我马上回去给你妈做饭，你妈可不能瘦，瘦了又得花钱买衣服，”呃……,http://www.budejie.com/detail-30032860.html
新婚不久，老妈来家里，见家里凌乱之极。便狠狠数落了老婆一顿，老婆非常委屈，待老妈走后，抄起手机就给岳母打电话诉苦……哭诉了半天，对方一句话没有说。未了来了一句：“下回看好了号码再打，我是你婆婆。”,http://www.budejie.com/detail-30033029.html
我哥1米85的大个子，谈了个娇小的女友，1米5，微胖。 某天早上，他俩手拉手出门帮大家买早点，早上有点雾，我奶奶眼睛又老花，只听她在三楼冲我哥大声喊：“大清早的，你拉着皮箱要去哪里啊？”,http://www.budejie.com/detail-30025056.html
小弟上小学，酷爱数学，成天埋首数学题中。一天，正好播放《大明宫词》，舅舅问他：“武则天是谁？”小弟头也不抬，说：“五则添，四则舍，这还用问吗？”,http://www.budejie.com/detail-30024870.html
在餐馆吃饭，看见对面不远处有一美女，我喜欢的类型，正在想着怎么搭讪，这时美女已经吃完起身往外走了，可是我还没想好，竟然不知所措了，正当美女走到我身边时，我竟然不由自主的伸出腿，把她绊倒了，倒了。,http://www.budejie.com/detail-30024853.html
下午做头发，因为我上午才洗过头，理发师说不用洗了，头发打湿点就行，然后拿一个喷壶往我头发上喷水，我看着喷壶，心里有种说不上来的奇怪感觉。理发师往我头上喷完水，转身用喷壶浇起了花……,http://www.budejie.com/detail-30024644.html
婆婆送了本菜谱给媳妇，意图让媳妇学会做菜。结果媳妇很腼腆跟婆婆说：妈您太客气了，您每天那么累，还让我点菜做给我吃，这不太合适呀！,http://www.budejie.com/detail-29961244.html
你童年最喜欢吃的一款小零食是什么？只能说一款,http://www.budejie.com/detail-29835552.html
刚刚看到一对情侣在路灯下吵架，男孩为了挽回芳心，居然跪了十分钟。没骨气，真TM怂，我当年可刚烈了，足足跪了一个通宵！,http://www.budejie.com/detail-29930002.html
每个周末催孩子做作业都是一场恶战。儿子今天趴在地上对爸爸说道：“读书最没有用了，我读六年书，一分钱也没挣着。我这六年要是用来当乞丐，都不知道赚了多少了。”爸爸气愤地冲他喊：“你去要啊去要啊!”儿子低声说：“这个你要想好了，我面前那张纸会不太吉利，至少会写四个字：父母双亡……”.,http://www.budejie.com/detail-29955730.html
地球的年龄是怎么计算出来的？,http://www.budejie.com/detail-29834695.html
结婚时，媳妇带来一个小瓶子，说以后的日子，每惹她哭一次，就往瓶子里滴一滴水，等哪天，瓶子满了，心也一定死了，会毫不犹豫地离开我。前几天我偷偷给那瓶子灌进两大勺水，被媳妇发现了……,http://www.budejie.com/detail-29893336.html
一天同学聚会，都说自己工资有多高多高，问道我时我弱弱说：少的可怜，就3000块。大家都笑话我说：确实少的可怜。最后我补了句：老婆发的。全场瞬间沉默，然后惊呼：这才叫土豪啊。。。,http://www.budejie.com/detail-29857978.html
相亲，服务员水没端稳，直接泼在女方脸上！服务员一直道歉说，对不起！对不起！女方刚想发火，一想到男方还在那坐着，于是淡定的拿着纸巾擦着脸，一边擦一边说，没关系！没关系！这时，男方坐不住了，站了起来，指责了那个服务员，然后偷偷往那个服务员的兜里塞了二百块钱...,http://www.budejie.com/detail-29074545.html
"很有感触的句子，句句走心
1、笑看花开，是一种宁静的喜悦；静赏花落，是一份随缘的自在。
2、我们不能单凭过去评论一个人。
3、不论你承不承认，和志同道合的人在一起就是会更快乐。
4、脾气这玩意儿我控制不好，心没有那么大面积，更照顾不了每个人的感受。
5、身体和灵魂总要有一个在路上。
6、我还是相信这世界会有好事发生的，只是不属于我罢了。
7、旧的坏日子已经过去，新的的坏日子还在赶来的路上，而所谓的幸福就是这两种日子中间的那段时光。
8、你要度过生存期，才能谈生活和理想。
9、谁不是从一个心地善良的孩子被现实折磨成一个心机深重的疯子。
10、过自己不想要的生活需要勇气，过自己想要的生活，不但需要勇气，你还得有能力。
11、其实生活一直都挺无聊的，只是偶尔有点意思。
12、愿你能够留住心里善良的模样，不要被这个世界同化得不剩一点闪光。
13、就算出卖灵魂，也要卖个好价钱。
14、小时候哭是觉得自己太委屈，长大了哭是对自己太失望。
15、人总爱跟别人比较，看看有谁比自己好，又有谁比不上自己。而其实，为你的烦恼和忧伤垫底的，从来不是别人的不幸和痛苦，而是你自己的态度。
16、爱一个人，没有成为一件简单的事，那一定是因为感情深度不够。
17、关于孤独的多种形式，总有一种存在于你的生活。
18、有时遥不可及才是最好的距离，没有期待，没有妄想。
19、能让你活得最像自己的人，必然会是那个最爱你且你最爱的人。
20、我们来到人间，与别人欢聚一场，是为了追欢逐乐的，我们不是来生气的，更不是来气别人的。
21、喜欢坐火车，喜欢一站一站地慢慢南下或者北上，喜欢在旅途中间的我。
22、好的爱情，战得胜时间，抵得住流年，经得起离别，受得住想念。
23、以前的生活都是上辈子的事了，不管怎样，都没必要死抓不放，往前看就好。
24、最好的贵人，就是努力的自己。",http://www.budejie.com/detail-29061761.html
"现代版《孔乙已》
          老包
     鲁镇的酒店格局，和别处不同：都是当街一个曲尺形的大柜台，柜里面放着硕大的啤酒桶，桶上装有水龙头，可以随时倒啤酒。
做工的人，晌午傍晚散了工，三三俩俩地聚一桌，每每花上百来块，一条鱼，一盘肉，再加上几碟小菜，热热地吃了休息。
倘若肯花上五块钱，买一大碗酒，就着饭菜喝下去，打个饱嗝，空气中都有麦芽的香味，甭提有多满足。
现在的小工一天两百块，大师傅能拿到三五百，许多人每顿都要喝上两大碗酒。
我从十二岁起，便在镇口的咸亨酒店里当伙计，老板娘说我样子太傻，就在外面做点跑腿的事罢。
虽然没什么失职，但总觉得有点单调和无聊。老板娘一股泼辣劲，主顾也没有好声气，教人活泼不得。只有老包到店，才可以笑几声。
老包是个老师，身材高大，神色疲倦，鼻子上的眼镜片每年都要厚一圈，牛仔裤洗得发白，脚上的运动鞋大约是五六年前的款式，破旧的公文包鼓鼓囊囊，装的都是作业和试卷。
听人背地里谈论，老包曾经是村里唯一的大学生，不知道怎生沦落到这般光景。旁人问起名字，他一概不应答。
据说除了教书，他还要下乡扶贫、控缀保学、入户走访、信息录入、防艾宣传、文明创建、双高双普、秸秆焚烧、防止溺水、关注App、做各种调查、造各种档案、填各种资料，迎各种检查……仿佛无所不能无所不包，我们便把他唤作“老包”。
做工的人对老包有点敬畏，因为他是读过大学的人。但又对他有些轻视，他们的收入是老包两倍。
倘若有长舌妇说什么“老师一天上两节课，红包收到手软，补课一年买套房”，他们照例是要哄笑一番的。
老包是戴着眼镜喝酒不点荤菜的唯一的人。
老包一到店，所有人都看着他笑。有的叫道，“老包，听说你又犯事了！”他不回答，对柜里说，“一碗酒，一盘青椒豆腐”。
有人故意高声嚷道，“你一定又体罚学生了！”老包睁大眼睛说，“你怎么这样凭空污人清白……”
“什么清白？",http://www.budejie.com/detail-29050872.html
前天第一次去接女朋友下班，到了公司我抱着礼物就进去了。估计是因为快下班，前台妹子边玩手机边问我找谁。我说“我来接xxx”，她回了一句“说了多少遍车别停门口”，然后抬头看了我一眼，稍微一愣。,http://www.budejie.com/detail-29050463.html
"他在伦敦，她在北京，朋友们笑他们，大学时候的异地恋变成了异国恋。
她生日前一天，他问：“傻瓜，想要什么啊？”
她说：“毛绒熊吧，你不在我可以抱着它。”他不说话。
生日，他打电话：“你的毛绒熊到了。”
她呆立在楼下，他站在远处笑得像个孩子，他走过去，拥她入怀，一万两千公里，一个拥抱...
这时候。一辆奔驰停在路边，一中年矮胖秃伸出头来：“畜生！放开你小妈！”",http://www.budejie.com/detail-28996138.html
"下了点碎雪，朋友圈乱了，我给大家科普一下雪花的基本知识！
雪花分三种:一种麦香，一种纯生，一种勇闯天涯！就是不知道常温好还是冰镇好……",http://www.budejie.com/detail-28984879.html
姐夫们帮忙找个电影，一个外国大老板投资研究了一个新产品，但是手下背叛，要把新产品卖给恐怖分子，李冰冰作为老板的助理，和老板一起逃亡，最后成功和官方逆袭，求姐夫们告知电影名字。,http://www.budejie.com/detail-28985226.html
同事小敏买完午饭回到办公室，跑到我跟前，大声喊道：“姐，我看见你老公和一个长头发，身材特好，非常有气质的女人在一起...”我拍桌子站了起来！看到周围的同事都看着我，于是我淡定的掏出手机给老公打电话说道：“你是不是跟你妈逛街呢！我同事都看见你了，晚上早点回家...”老公：“...”,http://www.budejie.com/detail-28986201.html
"表弟去相亲，第一次女方问表弟“谈过恋爱吗？”表弟说：没谈过！女方嫌弃地走了，说是没有恋爱经验的不要！
第二次女方问表弟“谈过恋爱吗？”这次表弟学乖了说：“有，谈了好几次恋爱了！”女方又嫌弃地走了，说表弟是花心大萝卜…
第三次表弟变被动为主动，抢先问对方有没有谈过恋爱。结果女方嫌弃他说话太直白不够委婉，也…也走了…",http://www.budejie.com/detail-28984900.html
现在女的追不起啊，我刚谈了一个女朋友。一个星期已经花了我60多块钱了,http://www.budejie.com/detail-28978912.html
人的内心有三种东西，20%善良，20%邪恶，20%自私。然而姐夫们不一样，2%善良0.5%邪恶，98.5%大色狼。。,http://www.budejie.com/detail-28975392.html
"清晨醒来，我在洗漱……
老公温柔的搂住我，然后轻轻的在我耳边说道：“老婆，你真心喜欢我吗？你爱我吗？
我：我喜欢你，我爱你，很爱很爱，非常爱……
他脸带泪水哽咽道：有一种爱叫放手，我想离开你了，因为我妈想抱孙子了……
他话音刚落，我的心突然有股猛烈的刺痛，手中拿着的刮胡刀也因此滑落到地板上……",http://www.budejie.com/detail-28965321.html
"很有感触的句子，句句走心
1、笑看花开，是一种宁静的喜悦；静赏花落，是一份随缘的自在。
2、我们不能单凭过去评论一个人。
3、不论你承不承认，和志同道合的人在一起就是会更快乐。
4、脾气这玩意儿我控制不好，心没有那么大面积，更照顾不了每个人的感受。
5、身体和灵魂总要有一个在路上。
6、我还是相信这世界会有好事发生的，只是不属于我罢了。
7、旧的坏日子已经过去，新的的坏日子还在赶来的路上，而所谓的幸福就是这两种日子中间的那段时光。
8、你要度过生存期，才能谈生活和理想。
9、谁不是从一个心地善良的孩子被现实折磨成一个心机深重的疯子。
10、过自己不想要的生活需要勇气，过自己想要的生活，不但需要勇气，你还得有能力。
11、其实生活一直都挺无聊的，只是偶尔有点意思。
12、愿你能够留住心里善良的模样，不要被这个世界同化得不剩一点闪光。
13、就算出卖灵魂，也要卖个好价钱。
14、小时候哭是觉得自己太委屈，长大了哭是对自己太失望。
15、人总爱跟别人比较，看看有谁比自己好，又有谁比不上自己。而其实，为你的烦恼和忧伤垫底的，从来不是别人的不幸和痛苦，而是你自己的态度。
16、爱一个人，没有成为一件简单的事，那一定是因为感情深度不够。
17、关于孤独的多种形式，总有一种存在于你的生活。
18、有时遥不可及才是最好的距离，没有期待，没有妄想。
19、能让你活得最像自己的人，必然会是那个最爱你且你最爱的人。
20、我们来到人间，与别人欢聚一场，是为了追欢逐乐的，我们不是来生气的，更不是来气别人的。
21、喜欢坐火车，喜欢一站一站地慢慢南下或者北上，喜欢在旅途中间的我。
22、好的爱情，战得胜时间，抵得住流年，经得起离别，受得住想念。
23、以前的生活都是上辈子的事了，不管怎样，都没必要死抓不放，往前看就好。
24、最好的贵人，就是努力的自己。",http://www.budejie.com/detail-28969736.html
我男朋友是四川人，我觉得他是对我是真爱，今天我们一起去吃火锅，我说我不太能吃辣耶，  他说要不我们点中辣吧。我没有说话，他犹豫了一会儿说，微辣可以吗?我笑了笑，然后他鼓足了勇气，咬着牙吼道:那就清汤吧...,http://www.budejie.com/detail-28965953.html
邻居阿姨经常拿手机向我请教上网的问题，每次来我都细心的教一点。 今早出门，我跟媳妇说晚上有应酬， 邻居老公隔着防盗门说：“男人其实说应酬都是自己出去玩。” 傍晚下班回家遇到他我说：“大家都是男人，你早上这样不厚道。” 他说：“你厚道？你教我媳妇网购，你厚道？”,http://www.budejie.com/detail-28964495.html
"最近撩妹技能get✔
其实女孩子很好哄开心的，她全身上下只要有一处亮点，你拎出来夸就行，比如鞋子真好看，项链好精致，眼影很特别等等。。。
如果灰头土脸没收拾，实在找不到亮点，你就说她瘦了！",http://www.budejie.com/detail-28278217.html
"和闺蜜聊天，我就说为了我的下一代着想，我得找个帅哥结婚。
结果闺蜜说，帅哥为了他的下一代是不会跟你结婚的。",http://www.budejie.com/detail-28270675.html
"给儿子买了一件秋衣，上面印有熊大熊二，到幼儿园儿子就把外套脱了，到处给小朋友炫耀。
　　老师看见怕冻着他，就命令他穿上外套不许脱。
　　以为这样就能阻止儿子嘚瑟了吗？不，儿子找个墙角倒立起来，让外套翻起来露出里面秋衣……",http://www.budejie.com/detail-27951394.html
"昨天下雨了，刚回家没多久，就传来了急促的敲门，开门看到是隔壁邻居张大爷，问我家是不是起火了，说他闻到有焦臭味，熏得他睁不开眼睛！
张大爷还进屋四处查看，还纳闷说，为何没看到烟呢？
张大爷，我不过就是袜子被雨水弄湿了点，用电吹风吹干而已！……",http://www.budejie.com/detail-28203223.html
想当年大一的时候，得了痔疮，开始用卫生纸垫着还是会弄到内裤上血，逛超市的时候看到女生买卫生巾，我突然脑子灵光一闪，我觉得我也可以用啊，于是就去离学校很远的地方买了卫生巾垫上了，说实话确实好用啊，直到有一次打篮球打的太激烈了，卫生巾顺着裤腿掉了下来，周围突然的安静，然后又突然爆发排山倒海的欢呼，我拼命大喊我是痔疮才用的声音他们根本不听啊……,http://www.budejie.com/detail-27951567.html
闺蜜来家里叫老婆去逛街，老婆问我要钱。她温柔的告诉我:老公，我想和闺蜜去逛街！能不能给我点钱啊！我坐沙发上，翘着二郎腿抽着烟问她:20行不行啊？老婆想了想说:……20就20吧！！她闺蜜在一旁猛夸我:可以啊！能把我这闺蜜收拾的服服帖帖的！厉害啊！！我被夸的飘飘欲仙的！很熟练的掏出钱包，拿出20块钱……然后把钱包给了老婆…,http://www.budejie.com/detail-27943318.html
"对中年油腻男来说，什么是幸福？
幸福对我而言，就是劳累了一天之后，推开星巴克的门，坐下来好好享受一下小资情调。
取出泡着枸杞的保温瓶，倒入些星巴克的白砂糖，搅拌....
幸福就是这么触手可及！",http://www.budejie.com/detail-28258205.html
"吃过饭，老爸笑眯眯的跟我说：闺女，咱俩玩个游戏吧，我说前两个字，你说后两个字，好比我说海尔你说兄弟!我点头说好!
老爸:安史!我：之乱!老爸：黑猫!我:警长!老爸：小头，我：爸爸！然后我爸猛的长笑一声：哈哈，被我套路了吧！叫我爸爸～哈哈哈哈～
我一脸懵逼：难道我不该叫你爸爸吗?",http://www.budejie.com/detail-28246002.html
"和一帮伪球迷朋友一起看球时，请大声说出这样的句子：“这是5号塔杰曼、11号是斯涅夫，16号是迪德南。”
这样会显得你很懂足球，而事实上你根本不认识任何球员，这些名字也都是你胡编的。
但是有什么关系呢？那些伪球迷朋友反正也不认识。",http://www.budejie.com/detail-28250773.html
"万能的姐夫们，这么多种类型的男朋友，你找好自己喜欢的那一种了吗？
1.袋鼠系男友
冷漠，对什么人都保持着距离，对什么事情都不在意。但只有你能触到他柔软的心，身材特别棒，腿部和腰部力量强劲。
2.熊系男友
性格有点木讷，有点蠢蠢呆呆的，掌心很温暖，单纯，但是很会照顾你，会主动挑你碗里的青椒和一切你不爱吃的。
3.猩猩系男友
智障超高，总是穿着整整齐齐的西装制服，但是很绅士，很温柔，喜欢小动物，对女人很体贴，不擅长表达，会默默为你打理好一切。
4.企鹅系男友
穿着得体，从不邋遢，衣柜里都是白衬衫和黑领带。不喜欢外出，极度怕热，但是很绅士，很细心，远离照顾孩子和做家务。",http://www.budejie.com/detail-28189863.html
投胎之前为什么要喝孟婆汤？其实不仅仅是为了忘记前世的所有爱恨情仇，还为了忘记前世的银行卡密码。 ​​,http://www.budejie.com/detail-28145545.html
大家好，我是屈原，哈哈哈哈哈哈哈哈哈哈哈哈哈哈哈哈哈哈哈哈哈哈哈哈哈哈哈，咳咳，没没没错，我就是屈原，当年我牺牲自己，为你们争取三天假期，你们是不是应该表示一下?每个姐夫给我一分钱就好，谢谢大家,http://www.budejie.com/detail-28147488.html
"“是不是要放假了？”
“放什么假？”
“五一放假啊！”
“五一我本来就有两天双休日我放什么假？”
“不是还有一天假吗？”
“还有一天我是用周六换的我放什么假？”",http://www.budejie.com/detail-27766912.html
当一个人不爱你的时候。你的撒娇就是作。你的吃醋就是小心眼。你的想念就是打扰。你的关心就是闲得慌。,http://www.budejie.com/detail-27711493.html
为什么中医理论里面，凡是天然的食物都有所谓的“功效”，就没有一种吃下去只是单纯的会饱的东西吗？,http://www.budejie.com/detail-27712445.html
"我们能从游戏中学到什么？
英雄联盟：你一个人靠谱能做的很好，但一群人靠谱才能走的更远。
阴阳师：你永远不知道运气什么时候会砸向你。
魔兽世界：能陪你走过十二年的，不止朋友，还有艾泽拉斯。
贪吃蛇大作战：长大的我们渐渐失去了横冲直撞的勇气。
纪念碑谷：面对困难多转几个弯，总会遇见柳暗花明。
守望先锋：生活中并不缺少美，只是确实发现美的眼睛，热火朝天的战场中也有靓丽的风景。
愤怒的小鸟：失败时总有一群猪在嘲笑你，而他们不知道有再来一次。
俄罗斯方块：犯下的错误会积累，而成功会消失。
王者荣耀：垃圾游戏！",http://www.budejie.com/detail-27651112.html
本人姓项，设计院工程师一名，你们能体会公司各个美女都叫我项工的感觉么？ 特别是大办公室：项工，你来一下。靠，每次听的我都脸红。,http://www.budejie.com/detail-27699759.html
恋爱时，我爸一直不同意我跟老公的恋情，直到老公第一次进门拜访，脱了鞋子，我爸憋了口气说:小伙子，就冲这个味跟我闺女是一样的，人你领走吧！……,http://www.budejie.com/detail-27688365.html
告诉大家一个增肥秘方，一日三餐要吃到撑，要保证身边随时能吃到零食，薯片，虾条，巧克力等等……喝的水永远都是碳酸饮料可乐雪碧百事之类的……绝不喝白开水，睡前一定要吃夜宵吃到饱，羊肉串烤鸡翅鸡腿等等，因为我曾经就是这么胖起来的。,http://www.budejie.com/detail-27652240.html
"读书的时候，去军训同学们都害怕站军姿，天气已经很热了，经常有人晕倒！
一天，班主任来了，教官告诉班主任，我站军姿是表现最好的，一动不动，从未晕倒过。
班主任却指着我，对教官说:  那是他，上课罚站练出来的！……",http://www.budejie.com/detail-27679078.html
记得第一次去女朋友家，未来老丈人备了一箱啤酒。我想老丈人爱喝那必须陪着喝啊，于是爷俩一日三餐一人一瓶。我不善酒，特别不习惯早上和中午喝酒。到第三天我告饶说：叔，要不咱少喝两顿？老丈人说：好好，我也觉得喝得不舒服，以为你爱喝就陪你了。这句话想起来就觉得温馨，为热情而朴实的老丈人求赞。,http://www.budejie.com/detail-27660221.html
女生眼中的男生：长得一般的叫帅哥，长得好看的叫小哥哥，长得超帅的叫老公。,http://www.budejie.com/detail-27395794.html
记得有次假期回家的火车上，看到有个女孩侧卧在男孩腿上睡着了。窗外太阳挺大，帘子也不能完全挡住，然后男孩就悬着手掌帮女孩遮挡照在脸上的阳光。这个姿势维持了很久，直到那个女孩醒来后看到哭了，抽泣着问：你是不是想打我很久了？,http://www.budejie.com/detail-27387799.html
他暗恋她很久了，她也喜欢他。每次上晚自习，他总是看着她，可她却把头转过去看着窗外。有天他问她：“你知道我每天晚自习都在看你吗？”“嗯！”“那你为何还把头转过去？”“因为在玻璃里面我可以不害羞的看着你。”,http://www.budejie.com/detail-27386897.html
年近30的堂弟被大伯狠狠地揍了一顿！问其原因，原来是其家人给他安排了一场相亲，见面时女方对他印象不错羞涩地说：“我不介意你没有房，没有车，没有存款，只要你对我好就行！” 结果这货来了句：“你肚子里有赠品吗？”,http://www.budejie.com/detail-27383598.html
投胎之前为什么要喝孟婆汤？其实不仅仅是为了忘记前世的所有爱恨情仇，还为了忘记前世的银行卡密码。 ​​,http://www.budejie.com/detail-28145545.html
大家好，我是屈原，哈哈哈哈哈哈哈哈哈哈哈哈哈哈哈哈哈哈哈哈哈哈哈哈哈哈哈，咳咳，没没没错，我就是屈原，当年我牺牲自己，为你们争取三天假期，你们是不是应该表示一下?每个姐夫给我一分钱就好，谢谢大家,http://www.budejie.com/detail-28147488.html
"“是不是要放假了？”
“放什么假？”
“五一放假啊！”
“五一我本来就有两天双休日我放什么假？”
“不是还有一天假吗？”
“还有一天我是用周六换的我放什么假？”",http://www.budejie.com/detail-27766912.html
当一个人不爱你的时候。你的撒娇就是作。你的吃醋就是小心眼。你的想念就是打扰。你的关心就是闲得慌。,http://www.budejie.com/detail-27711493.html
为什么中医理论里面，凡是天然的食物都有所谓的“功效”，就没有一种吃下去只是单纯的会饱的东西吗？,http://www.budejie.com/detail-27712445.html
"我们能从游戏中学到什么？
英雄联盟：你一个人靠谱能做的很好，但一群人靠谱才能走的更远。
阴阳师：你永远不知道运气什么时候会砸向你。
魔兽世界：能陪你走过十二年的，不止朋友，还有艾泽拉斯。
贪吃蛇大作战：长大的我们渐渐失去了横冲直撞的勇气。
纪念碑谷：面对困难多转几个弯，总会遇见柳暗花明。
守望先锋：生活中并不缺少美，只是确实发现美的眼睛，热火朝天的战场中也有靓丽的风景。
愤怒的小鸟：失败时总有一群猪在嘲笑你，而他们不知道有再来一次。
俄罗斯方块：犯下的错误会积累，而成功会消失。
王者荣耀：垃圾游戏！",http://www.budejie.com/detail-27651112.html
本人姓项，设计院工程师一名，你们能体会公司各个美女都叫我项工的感觉么？ 特别是大办公室：项工，你来一下。靠，每次听的我都脸红。,http://www.budejie.com/detail-27699759.html
恋爱时，我爸一直不同意我跟老公的恋情，直到老公第一次进门拜访，脱了鞋子，我爸憋了口气说:小伙子，就冲这个味跟我闺女是一样的，人你领走吧！……,http://www.budejie.com/detail-27688365.html
告诉大家一个增肥秘方，一日三餐要吃到撑，要保证身边随时能吃到零食，薯片，虾条，巧克力等等……喝的水永远都是碳酸饮料可乐雪碧百事之类的……绝不喝白开水，睡前一定要吃夜宵吃到饱，羊肉串烤鸡翅鸡腿等等，因为我曾经就是这么胖起来的。,http://www.budejie.com/detail-27652240.html
"读书的时候，去军训同学们都害怕站军姿，天气已经很热了，经常有人晕倒！
一天，班主任来了，教官告诉班主任，我站军姿是表现最好的，一动不动，从未晕倒过。
班主任却指着我，对教官说:  那是他，上课罚站练出来的！……",http://www.budejie.com/detail-27679078.html
记得第一次去女朋友家，未来老丈人备了一箱啤酒。我想老丈人爱喝那必须陪着喝啊，于是爷俩一日三餐一人一瓶。我不善酒，特别不习惯早上和中午喝酒。到第三天我告饶说：叔，要不咱少喝两顿？老丈人说：好好，我也觉得喝得不舒服，以为你爱喝就陪你了。这句话想起来就觉得温馨，为热情而朴实的老丈人求赞。,http://www.budejie.com/detail-27660221.html
女生眼中的男生：长得一般的叫帅哥，长得好看的叫小哥哥，长得超帅的叫老公。,http://www.budejie.com/detail-27395794.html
记得有次假期回家的火车上，看到有个女孩侧卧在男孩腿上睡着了。窗外太阳挺大，帘子也不能完全挡住，然后男孩就悬着手掌帮女孩遮挡照在脸上的阳光。这个姿势维持了很久，直到那个女孩醒来后看到哭了，抽泣着问：你是不是想打我很久了？,http://www.budejie.com/detail-27387799.html
他暗恋她很久了，她也喜欢他。每次上晚自习，他总是看着她，可她却把头转过去看着窗外。有天他问她：“你知道我每天晚自习都在看你吗？”“嗯！”“那你为何还把头转过去？”“因为在玻璃里面我可以不害羞的看着你。”,http://www.budejie.com/detail-27386897.html
年近30的堂弟被大伯狠狠地揍了一顿！问其原因，原来是其家人给他安排了一场相亲，见面时女方对他印象不错羞涩地说：“我不介意你没有房，没有车，没有存款，只要你对我好就行！” 结果这货来了句：“你肚子里有赠品吗？”,http://www.budejie.com/detail-27383598.html
地铁上，看见一个女生穿着性感，非常漂亮，以至于令我有了非分之想。于是，经过激烈的思想斗争，我终于鼓起勇气，大胆地想了起来。,http://www.budejie.com/detail-27379083.html
当年高三我们班有一个哥们，白天睡觉，晚上自学，成绩一直前三名......结果高考的时候睡着了,http://www.budejie.com/detail-27377288.html
号称绝不结婚的男同学，孩子都会打酱油了，我们都很好奇是什么样的姑娘降服了他。他回忆了当年求婚的场景：“当时女友过生日，她吃蛋糕时突然吃到一枚钻戒，随即害羞地对我说：‘我愿意嫁给你。’后来我们就结婚了。”我们表示真浪漫，他叹息道：“是啊，即便是我，也无法拒绝一个自己掏钱买戒指藏在蛋糕里的女孩……”,http://www.budejie.com/detail-27374870.html
下雪了，出门见一大爷摔倒，我过去问：“大爷，我一月工资不到2千块，能扶您起来么？” 大爷：“小伙子，你走吧，我再等一会儿”。 我被感动的赶紧说：“大爷，那边有个法拉利就快过来了”。 大爷也激动说：“你这后生还算实在，干脆别走给我做个证人，完事给你买辆车上班开……” 天气虽冷，大爷的话却是暖暖的，满满的都是正能量。。。,http://www.budejie.com/detail-27374223.html
去叔叔店里帮忙，有客人结账，给我140块。客人很关心的说:小姑娘你看下一百的哈，别假了。我接过钱，很认真的看了一下确定真钱，才让他走。过了一会找别人钱，我才发现那两张20元是假的。。。,http://www.budejie.com/detail-27365924.html
投胎之前为什么要喝孟婆汤？其实不仅仅是为了忘记前世的所有爱恨情仇，还为了忘记前世的银行卡密码。 ​​,http://www.budejie.com/detail-28145545.html
大家好，我是屈原，哈哈哈哈哈哈哈哈哈哈哈哈哈哈哈哈哈哈哈哈哈哈哈哈哈哈哈，咳咳，没没没错，我就是屈原，当年我牺牲自己，为你们争取三天假期，你们是不是应该表示一下?每个姐夫给我一分钱就好，谢谢大家,http://www.budejie.com/detail-28147488.html
"“是不是要放假了？”
“放什么假？”
“五一放假啊！”
“五一我本来就有两天双休日我放什么假？”
“不是还有一天假吗？”
“还有一天我是用周六换的我放什么假？”",http://www.budejie.com/detail-27766912.html
当一个人不爱你的时候。你的撒娇就是作。你的吃醋就是小心眼。你的想念就是打扰。你的关心就是闲得慌。,http://www.budejie.com/detail-27711493.html
为什么中医理论里面，凡是天然的食物都有所谓的“功效”，就没有一种吃下去只是单纯的会饱的东西吗？,http://www.budejie.com/detail-27712445.html
"我们能从游戏中学到什么？
英雄联盟：你一个人靠谱能做的很好，但一群人靠谱才能走的更远。
阴阳师：你永远不知道运气什么时候会砸向你。
魔兽世界：能陪你走过十二年的，不止朋友，还有艾泽拉斯。
贪吃蛇大作战：长大的我们渐渐失去了横冲直撞的勇气。
纪念碑谷：面对困难多转几个弯，总会遇见柳暗花明。
守望先锋：生活中并不缺少美，只是确实发现美的眼睛，热火朝天的战场中也有靓丽的风景。
愤怒的小鸟：失败时总有一群猪在嘲笑你，而他们不知道有再来一次。
俄罗斯方块：犯下的错误会积累，而成功会消失。
王者荣耀：垃圾游戏！",http://www.budejie.com/detail-27651112.html
本人姓项，设计院工程师一名，你们能体会公司各个美女都叫我项工的感觉么？ 特别是大办公室：项工，你来一下。靠，每次听的我都脸红。,http://www.budejie.com/detail-27699759.html
恋爱时，我爸一直不同意我跟老公的恋情，直到老公第一次进门拜访，脱了鞋子，我爸憋了口气说:小伙子，就冲这个味跟我闺女是一样的，人你领走吧！……,http://www.budejie.com/detail-27688365.html
告诉大家一个增肥秘方，一日三餐要吃到撑，要保证身边随时能吃到零食，薯片，虾条，巧克力等等……喝的水永远都是碳酸饮料可乐雪碧百事之类的……绝不喝白开水，睡前一定要吃夜宵吃到饱，羊肉串烤鸡翅鸡腿等等，因为我曾经就是这么胖起来的。,http://www.budejie.com/detail-27652240.html
"读书的时候，去军训同学们都害怕站军姿，天气已经很热了，经常有人晕倒！
一天，班主任来了，教官告诉班主任，我站军姿是表现最好的，一动不动，从未晕倒过。
班主任却指着我，对教官说:  那是他，上课罚站练出来的！……",http://www.budejie.com/detail-27679078.html
记得第一次去女朋友家，未来老丈人备了一箱啤酒。我想老丈人爱喝那必须陪着喝啊，于是爷俩一日三餐一人一瓶。我不善酒，特别不习惯早上和中午喝酒。到第三天我告饶说：叔，要不咱少喝两顿？老丈人说：好好，我也觉得喝得不舒服，以为你爱喝就陪你了。这句话想起来就觉得温馨，为热情而朴实的老丈人求赞。,http://www.budejie.com/detail-27660221.html
女生眼中的男生：长得一般的叫帅哥，长得好看的叫小哥哥，长得超帅的叫老公。,http://www.budejie.com/detail-27395794.html
记得有次假期回家的火车上，看到有个女孩侧卧在男孩腿上睡着了。窗外太阳挺大，帘子也不能完全挡住，然后男孩就悬着手掌帮女孩遮挡照在脸上的阳光。这个姿势维持了很久，直到那个女孩醒来后看到哭了，抽泣着问：你是不是想打我很久了？,http://www.budejie.com/detail-27387799.html
他暗恋她很久了，她也喜欢他。每次上晚自习，他总是看着她，可她却把头转过去看着窗外。有天他问她：“你知道我每天晚自习都在看你吗？”“嗯！”“那你为何还把头转过去？”“因为在玻璃里面我可以不害羞的看着你。”,http://www.budejie.com/detail-27386897.html
年近30的堂弟被大伯狠狠地揍了一顿！问其原因，原来是其家人给他安排了一场相亲，见面时女方对他印象不错羞涩地说：“我不介意你没有房，没有车，没有存款，只要你对我好就行！” 结果这货来了句：“你肚子里有赠品吗？”,http://www.budejie.com/detail-27383598.html
地铁上，看见一个女生穿着性感，非常漂亮，以至于令我有了非分之想。于是，经过激烈的思想斗争，我终于鼓起勇气，大胆地想了起来。,http://www.budejie.com/detail-27379083.html
当年高三我们班有一个哥们，白天睡觉，晚上自学，成绩一直前三名......结果高考的时候睡着了,http://www.budejie.com/detail-27377288.html
号称绝不结婚的男同学，孩子都会打酱油了，我们都很好奇是什么样的姑娘降服了他。他回忆了当年求婚的场景：“当时女友过生日，她吃蛋糕时突然吃到一枚钻戒，随即害羞地对我说：‘我愿意嫁给你。’后来我们就结婚了。”我们表示真浪漫，他叹息道：“是啊，即便是我，也无法拒绝一个自己掏钱买戒指藏在蛋糕里的女孩……”,http://www.budejie.com/detail-27374870.html
下雪了，出门见一大爷摔倒，我过去问：“大爷，我一月工资不到2千块，能扶您起来么？” 大爷：“小伙子，你走吧，我再等一会儿”。 我被感动的赶紧说：“大爷，那边有个法拉利就快过来了”。 大爷也激动说：“你这后生还算实在，干脆别走给我做个证人，完事给你买辆车上班开……” 天气虽冷，大爷的话却是暖暖的，满满的都是正能量。。。,http://www.budejie.com/detail-27374223.html
去叔叔店里帮忙，有客人结账，给我140块。客人很关心的说:小姑娘你看下一百的哈，别假了。我接过钱，很认真的看了一下确定真钱，才让他走。过了一会找别人钱，我才发现那两张20元是假的。。。,http://www.budejie.com/detail-27365924.html
投胎之前为什么要喝孟婆汤？其实不仅仅是为了忘记前世的所有爱恨情仇，还为了忘记前世的银行卡密码。 ​​,http://www.budejie.com/detail-28145545.html
大家好，我是屈原，哈哈哈哈哈哈哈哈哈哈哈哈哈哈哈哈哈哈哈哈哈哈哈哈哈哈哈，咳咳，没没没错，我就是屈原，当年我牺牲自己，为你们争取三天假期，你们是不是应该表示一下?每个姐夫给我一分钱就好，谢谢大家,http://www.budejie.com/detail-28147488.html
"“是不是要放假了？”
“放什么假？”
“五一放假啊！”
“五一我本来就有两天双休日我放什么假？”
“不是还有一天假吗？”
“还有一天我是用周六换的我放什么假？”",http://www.budejie.com/detail-27766912.html
当一个人不爱你的时候。你的撒娇就是作。你的吃醋就是小心眼。你的想念就是打扰。你的关心就是闲得慌。,http://www.budejie.com/detail-27711493.html
为什么中医理论里面，凡是天然的食物都有所谓的“功效”，就没有一种吃下去只是单纯的会饱的东西吗？,http://www.budejie.com/detail-27712445.html
"我们能从游戏中学到什么？
英雄联盟：你一个人靠谱能做的很好，但一群人靠谱才能走的更远。
阴阳师：你永远不知道运气什么时候会砸向你。
魔兽世界：能陪你走过十二年的，不止朋友，还有艾泽拉斯。
贪吃蛇大作战：长大的我们渐渐失去了横冲直撞的勇气。
纪念碑谷：面对困难多转几个弯，总会遇见柳暗花明。
守望先锋：生活中并不缺少美，只是确实发现美的眼睛，热火朝天的战场中也有靓丽的风景。
愤怒的小鸟：失败时总有一群猪在嘲笑你，而他们不知道有再来一次。
俄罗斯方块：犯下的错误会积累，而成功会消失。
王者荣耀：垃圾游戏！",http://www.budejie.com/detail-27651112.html
本人姓项，设计院工程师一名，你们能体会公司各个美女都叫我项工的感觉么？ 特别是大办公室：项工，你来一下。靠，每次听的我都脸红。,http://www.budejie.com/detail-27699759.html
恋爱时，我爸一直不同意我跟老公的恋情，直到老公第一次进门拜访，脱了鞋子，我爸憋了口气说:小伙子，就冲这个味跟我闺女是一样的，人你领走吧！……,http://www.budejie.com/detail-27688365.html
告诉大家一个增肥秘方，一日三餐要吃到撑，要保证身边随时能吃到零食，薯片，虾条，巧克力等等……喝的水永远都是碳酸饮料可乐雪碧百事之类的……绝不喝白开水，睡前一定要吃夜宵吃到饱，羊肉串烤鸡翅鸡腿等等，因为我曾经就是这么胖起来的。,http://www.budejie.com/detail-27652240.html
"读书的时候，去军训同学们都害怕站军姿，天气已经很热了，经常有人晕倒！
一天，班主任来了，教官告诉班主任，我站军姿是表现最好的，一动不动，从未晕倒过。
班主任却指着我，对教官说:  那是他，上课罚站练出来的！……",http://www.budejie.com/detail-27679078.html
记得第一次去女朋友家，未来老丈人备了一箱啤酒。我想老丈人爱喝那必须陪着喝啊，于是爷俩一日三餐一人一瓶。我不善酒，特别不习惯早上和中午喝酒。到第三天我告饶说：叔，要不咱少喝两顿？老丈人说：好好，我也觉得喝得不舒服，以为你爱喝就陪你了。这句话想起来就觉得温馨，为热情而朴实的老丈人求赞。,http://www.budejie.com/detail-27660221.html
女生眼中的男生：长得一般的叫帅哥，长得好看的叫小哥哥，长得超帅的叫老公。,http://www.budejie.com/detail-27395794.html
记得有次假期回家的火车上，看到有个女孩侧卧在男孩腿上睡着了。窗外太阳挺大，帘子也不能完全挡住，然后男孩就悬着手掌帮女孩遮挡照在脸上的阳光。这个姿势维持了很久，直到那个女孩醒来后看到哭了，抽泣着问：你是不是想打我很久了？,http://www.budejie.com/detail-27387799.html
他暗恋她很久了，她也喜欢他。每次上晚自习，他总是看着她，可她却把头转过去看着窗外。有天他问她：“你知道我每天晚自习都在看你吗？”“嗯！”“那你为何还把头转过去？”“因为在玻璃里面我可以不害羞的看着你。”,http://www.budejie.com/detail-27386897.html
年近30的堂弟被大伯狠狠地揍了一顿！问其原因，原来是其家人给他安排了一场相亲，见面时女方对他印象不错羞涩地说：“我不介意你没有房，没有车，没有存款，只要你对我好就行！” 结果这货来了句：“你肚子里有赠品吗？”,http://www.budejie.com/detail-27383598.html
地铁上，看见一个女生穿着性感，非常漂亮，以至于令我有了非分之想。于是，经过激烈的思想斗争，我终于鼓起勇气，大胆地想了起来。,http://www.budejie.com/detail-27379083.html
当年高三我们班有一个哥们，白天睡觉，晚上自学，成绩一直前三名......结果高考的时候睡着了,http://www.budejie.com/detail-27377288.html
号称绝不结婚的男同学，孩子都会打酱油了，我们都很好奇是什么样的姑娘降服了他。他回忆了当年求婚的场景：“当时女友过生日，她吃蛋糕时突然吃到一枚钻戒，随即害羞地对我说：‘我愿意嫁给你。’后来我们就结婚了。”我们表示真浪漫，他叹息道：“是啊，即便是我，也无法拒绝一个自己掏钱买戒指藏在蛋糕里的女孩……”,http://www.budejie.com/detail-27374870.html
下雪了，出门见一大爷摔倒，我过去问：“大爷，我一月工资不到2千块，能扶您起来么？” 大爷：“小伙子，你走吧，我再等一会儿”。 我被感动的赶紧说：“大爷，那边有个法拉利就快过来了”。 大爷也激动说：“你这后生还算实在，干脆别走给我做个证人，完事给你买辆车上班开……” 天气虽冷，大爷的话却是暖暖的，满满的都是正能量。。。,http://www.budejie.com/detail-27374223.html
去叔叔店里帮忙，有客人结账，给我140块。客人很关心的说:小姑娘你看下一百的哈，别假了。我接过钱，很认真的看了一下确定真钱，才让他走。过了一会找别人钱，我才发现那两张20元是假的。。。,http://www.budejie.com/detail-27365924.html
